"","X","tmt","plot","year","species.name","cover","guild","site"
"1",1,"C",6,2003,"Danthonia californica ",2,"NPG","Angelo"
"2",2,"C",6,2004,"Danthonia californica ",4,"NPG","Angelo"
"3",3,"C",6,2005,"Danthonia californica ",2,"NPG","Angelo"
"4",4,"C",6,2006,"Danthonia californica ",10,"NPG","Angelo"
"5",5,"C",6,2007,"Danthonia californica ",9,"NPG","Angelo"
"6",6,"C",6,2008,"Danthonia californica ",10,"NPG","Angelo"
"7",7,"C",6,2009,"Danthonia californica ",6,"NPG","Angelo"
"8",8,"C",6,2010,"Danthonia californica ",3,"NPG","Angelo"
"9",9,"C",6,2011,"Danthonia californica ",1,"NPG","Angelo"
"10",10,"C",6,2012,"Danthonia californica ",4,"NPG","Angelo"
"11",11,"C",6,2013,"Danthonia californica ",5,"NPG","Angelo"
"12",12,"C",6,2014,"Danthonia californica ",2,"NPG","Angelo"
"13",13,"C",6,2015,"Danthonia californica ",8,"NPG","Angelo"
"14",14,"C",17,2010,"Danthonia californica ",2,"NPG","Angelo"
"15",15,"C",33,2015,"Danthonia californica ",1,"NPG","Angelo"
"16",16,"C",6,2002,"Bromus hordeaceus ",19,"EAG","Angelo"
"17",17,"C",6,2003,"Bromus hordeaceus ",7,"EAG","Angelo"
"18",18,"C",6,2004,"Bromus hordeaceus ",11,"EAG","Angelo"
"19",19,"C",6,2005,"Bromus hordeaceus ",2,"EAG","Angelo"
"20",20,"C",6,2006,"Bromus hordeaceus ",14,"EAG","Angelo"
"21",21,"C",6,2007,"Bromus hordeaceus ",13,"EAG","Angelo"
"22",22,"C",6,2008,"Bromus hordeaceus ",13,"EAG","Angelo"
"23",23,"C",6,2009,"Bromus hordeaceus ",16,"EAG","Angelo"
"24",24,"C",6,2010,"Bromus hordeaceus ",14,"EAG","Angelo"
"25",25,"C",6,2011,"Bromus hordeaceus ",20,"EAG","Angelo"
"26",26,"C",6,2012,"Bromus hordeaceus ",14,"EAG","Angelo"
"27",27,"C",6,2013,"Bromus hordeaceus ",23,"EAG","Angelo"
"28",28,"C",6,2014,"Bromus hordeaceus ",8,"EAG","Angelo"
"29",29,"C",6,2015,"Bromus hordeaceus ",10,"EAG","Angelo"
"30",30,"C",17,2002,"Bromus hordeaceus ",21,"EAG","Angelo"
"31",31,"C",17,2003,"Bromus hordeaceus ",5,"EAG","Angelo"
"32",32,"C",17,2004,"Bromus hordeaceus ",7,"EAG","Angelo"
"33",33,"C",17,2005,"Bromus hordeaceus ",24,"EAG","Angelo"
"34",34,"C",17,2006,"Bromus hordeaceus ",31,"EAG","Angelo"
"35",35,"C",17,2007,"Bromus hordeaceus ",13,"EAG","Angelo"
"36",36,"C",17,2008,"Bromus hordeaceus ",14,"EAG","Angelo"
"37",37,"C",17,2009,"Bromus hordeaceus ",15,"EAG","Angelo"
"38",38,"C",17,2010,"Bromus hordeaceus ",9,"EAG","Angelo"
"39",39,"C",17,2011,"Bromus hordeaceus ",15,"EAG","Angelo"
"40",40,"C",17,2012,"Bromus hordeaceus ",14,"EAG","Angelo"
"41",41,"C",17,2013,"Bromus hordeaceus ",21,"EAG","Angelo"
"42",42,"C",17,2014,"Bromus hordeaceus ",11,"EAG","Angelo"
"43",43,"C",17,2015,"Bromus hordeaceus ",14,"EAG","Angelo"
"44",44,"C",24,2002,"Bromus hordeaceus ",20,"EAG","Angelo"
"45",45,"C",24,2003,"Bromus hordeaceus ",10,"EAG","Angelo"
"46",46,"C",24,2004,"Bromus hordeaceus ",7,"EAG","Angelo"
"47",47,"C",24,2005,"Bromus hordeaceus ",16,"EAG","Angelo"
"48",48,"C",24,2006,"Bromus hordeaceus ",12,"EAG","Angelo"
"49",49,"C",24,2007,"Bromus hordeaceus ",2,"EAG","Angelo"
"50",50,"C",24,2008,"Bromus hordeaceus ",11,"EAG","Angelo"
"51",51,"C",24,2009,"Bromus hordeaceus ",5,"EAG","Angelo"
"52",52,"C",24,2010,"Bromus hordeaceus ",9,"EAG","Angelo"
"53",53,"C",24,2011,"Bromus hordeaceus ",14,"EAG","Angelo"
"54",54,"C",24,2012,"Bromus hordeaceus ",13,"EAG","Angelo"
"55",55,"C",24,2013,"Bromus hordeaceus ",20,"EAG","Angelo"
"56",56,"C",24,2014,"Bromus hordeaceus ",7,"EAG","Angelo"
"57",57,"C",24,2015,"Bromus hordeaceus ",8,"EAG","Angelo"
"58",58,"C",28,2002,"Bromus hordeaceus ",15,"EAG","Angelo"
"59",59,"C",28,2003,"Bromus hordeaceus ",7,"EAG","Angelo"
"60",60,"C",28,2004,"Bromus hordeaceus ",12,"EAG","Angelo"
"61",61,"C",28,2005,"Bromus hordeaceus ",6,"EAG","Angelo"
"62",62,"C",28,2006,"Bromus hordeaceus ",29,"EAG","Angelo"
"63",63,"C",28,2007,"Bromus hordeaceus ",12,"EAG","Angelo"
"64",64,"C",28,2008,"Bromus hordeaceus ",3,"EAG","Angelo"
"65",65,"C",28,2009,"Bromus hordeaceus ",17,"EAG","Angelo"
"66",66,"C",28,2010,"Bromus hordeaceus ",2,"EAG","Angelo"
"67",67,"C",28,2011,"Bromus hordeaceus ",11,"EAG","Angelo"
"68",68,"C",28,2012,"Bromus hordeaceus ",11,"EAG","Angelo"
"69",69,"C",28,2013,"Bromus hordeaceus ",9,"EAG","Angelo"
"70",70,"C",28,2014,"Bromus hordeaceus ",2,"EAG","Angelo"
"71",71,"C",28,2015,"Bromus hordeaceus ",8,"EAG","Angelo"
"72",72,"C",33,2002,"Bromus hordeaceus ",6,"EAG","Angelo"
"73",73,"C",33,2003,"Bromus hordeaceus ",5,"EAG","Angelo"
"74",74,"C",33,2004,"Bromus hordeaceus ",4,"EAG","Angelo"
"75",75,"C",33,2005,"Bromus hordeaceus ",5,"EAG","Angelo"
"76",76,"C",33,2006,"Bromus hordeaceus ",17,"EAG","Angelo"
"77",77,"C",33,2007,"Bromus hordeaceus ",15,"EAG","Angelo"
"78",78,"C",33,2008,"Bromus hordeaceus ",21,"EAG","Angelo"
"79",79,"C",33,2009,"Bromus hordeaceus ",19,"EAG","Angelo"
"80",80,"C",33,2010,"Bromus hordeaceus ",10,"EAG","Angelo"
"81",81,"C",33,2011,"Bromus hordeaceus ",12,"EAG","Angelo"
"82",82,"C",33,2012,"Bromus hordeaceus ",19,"EAG","Angelo"
"83",83,"C",33,2013,"Bromus hordeaceus ",14,"EAG","Angelo"
"84",84,"C",33,2014,"Bromus hordeaceus ",5,"EAG","Angelo"
"85",85,"C",33,2015,"Bromus hordeaceus ",13,"EAG","Angelo"
"86",86,"C",6,2004,"Bromus tectorum ",2,"EAG","Angelo"
"87",87,"C",6,2008,"Bromus tectorum ",1,"EAG","Angelo"
"88",88,"C",6,2013,"Bromus tectorum ",1,"EAG","Angelo"
"89",89,"C",17,2002,"Bromus tectorum ",1,"EAG","Angelo"
"90",90,"C",17,2003,"Bromus tectorum ",2,"EAG","Angelo"
"91",91,"C",17,2004,"Bromus tectorum ",5,"EAG","Angelo"
"92",92,"C",17,2005,"Bromus tectorum ",3,"EAG","Angelo"
"93",93,"C",17,2007,"Bromus tectorum ",8,"EAG","Angelo"
"94",94,"C",17,2008,"Bromus tectorum ",5,"EAG","Angelo"
"95",95,"C",17,2009,"Bromus tectorum ",4,"EAG","Angelo"
"96",96,"C",17,2010,"Bromus tectorum ",6,"EAG","Angelo"
"97",97,"C",17,2013,"Bromus tectorum ",2,"EAG","Angelo"
"98",98,"C",24,2002,"Bromus tectorum ",5,"EAG","Angelo"
"99",99,"C",24,2003,"Bromus tectorum ",1,"EAG","Angelo"
"100",100,"C",24,2004,"Bromus tectorum ",1,"EAG","Angelo"
"101",101,"C",24,2005,"Bromus tectorum ",3,"EAG","Angelo"
"102",102,"C",24,2006,"Bromus tectorum ",1,"EAG","Angelo"
"103",103,"C",24,2008,"Bromus tectorum ",4,"EAG","Angelo"
"104",104,"C",24,2009,"Bromus tectorum ",3,"EAG","Angelo"
"105",105,"C",24,2010,"Bromus tectorum ",5,"EAG","Angelo"
"106",106,"C",24,2011,"Bromus tectorum ",1,"EAG","Angelo"
"107",107,"C",28,2010,"Bromus tectorum ",1,"EAG","Angelo"
"108",108,"C",33,2002,"Bromus tectorum ",9,"EAG","Angelo"
"109",109,"C",33,2003,"Bromus tectorum ",5,"EAG","Angelo"
"110",110,"C",33,2004,"Bromus tectorum ",4,"EAG","Angelo"
"111",111,"C",33,2005,"Bromus tectorum ",9,"EAG","Angelo"
"112",112,"C",33,2006,"Bromus tectorum ",12,"EAG","Angelo"
"113",113,"C",33,2007,"Bromus tectorum ",3,"EAG","Angelo"
"114",114,"C",33,2008,"Bromus tectorum ",7,"EAG","Angelo"
"115",115,"C",33,2009,"Bromus tectorum ",2,"EAG","Angelo"
"116",116,"C",33,2010,"Bromus tectorum ",2,"EAG","Angelo"
"117",117,"C",33,2011,"Bromus tectorum ",4,"EAG","Angelo"
"118",118,"C",33,2013,"Bromus tectorum ",2,"EAG","Angelo"
"119",119,"C",6,2005,"Bromus diandrus ",1,"EAG","Angelo"
"120",120,"C",6,2006,"Bromus diandrus ",1,"EAG","Angelo"
"121",121,"C",6,2011,"Bromus diandrus ",2,"EAG","Angelo"
"122",122,"C",6,2012,"Bromus diandrus ",1,"EAG","Angelo"
"123",123,"C",6,2013,"Bromus diandrus ",2,"EAG","Angelo"
"124",124,"C",6,2014,"Bromus diandrus ",2,"EAG","Angelo"
"125",125,"C",6,2015,"Bromus diandrus ",3,"EAG","Angelo"
"126",126,"C",17,2008,"Bromus diandrus ",3,"EAG","Angelo"
"127",127,"C",17,2012,"Bromus diandrus ",4,"EAG","Angelo"
"128",128,"C",17,2013,"Bromus diandrus ",5,"EAG","Angelo"
"129",129,"C",17,2014,"Bromus diandrus ",1,"EAG","Angelo"
"130",130,"C",17,2015,"Bromus diandrus ",9,"EAG","Angelo"
"131",131,"C",24,2010,"Bromus diandrus ",3,"EAG","Angelo"
"132",132,"C",24,2011,"Bromus diandrus ",4,"EAG","Angelo"
"133",133,"C",24,2012,"Bromus diandrus ",8,"EAG","Angelo"
"134",134,"C",24,2013,"Bromus diandrus ",11,"EAG","Angelo"
"135",135,"C",24,2014,"Bromus diandrus ",7,"EAG","Angelo"
"136",136,"C",24,2015,"Bromus diandrus ",3,"EAG","Angelo"
"137",137,"C",28,2015,"Bromus diandrus ",3,"EAG","Angelo"
"138",138,"C",33,2005,"Bromus diandrus ",1,"EAG","Angelo"
"139",139,"C",33,2008,"Bromus diandrus ",1,"EAG","Angelo"
"140",140,"C",33,2010,"Bromus diandrus ",1,"EAG","Angelo"
"141",141,"C",33,2012,"Bromus diandrus ",3,"EAG","Angelo"
"142",142,"C",33,2013,"Bromus diandrus ",1,"EAG","Angelo"
"143",143,"C",33,2015,"Bromus diandrus ",5,"EAG","Angelo"
"144",144,"C",6,2002,"Aira caryophyllea",18,"EAG","Angelo"
"145",145,"C",6,2003,"Aira caryophyllea",29,"EAG","Angelo"
"146",146,"C",6,2004,"Aira caryophyllea",37,"EAG","Angelo"
"147",147,"C",6,2005,"Aira caryophyllea",40,"EAG","Angelo"
"148",148,"C",6,2006,"Aira caryophyllea",24,"EAG","Angelo"
"149",149,"C",6,2007,"Aira caryophyllea",34,"EAG","Angelo"
"150",150,"C",6,2008,"Aira caryophyllea",29,"EAG","Angelo"
"151",151,"C",6,2009,"Aira caryophyllea",24,"EAG","Angelo"
"152",152,"C",6,2010,"Aira caryophyllea",15,"EAG","Angelo"
"153",153,"C",6,2011,"Aira caryophyllea",14,"EAG","Angelo"
"154",154,"C",6,2013,"Aira caryophyllea",6,"EAG","Angelo"
"155",155,"C",6,2014,"Aira caryophyllea",5,"EAG","Angelo"
"156",156,"C",6,2015,"Aira caryophyllea",15,"EAG","Angelo"
"157",157,"C",17,2002,"Aira caryophyllea",3,"EAG","Angelo"
"158",158,"C",17,2003,"Aira caryophyllea",8,"EAG","Angelo"
"159",159,"C",17,2004,"Aira caryophyllea",8,"EAG","Angelo"
"160",160,"C",17,2005,"Aira caryophyllea",6,"EAG","Angelo"
"161",161,"C",17,2006,"Aira caryophyllea",5,"EAG","Angelo"
"162",162,"C",17,2007,"Aira caryophyllea",7,"EAG","Angelo"
"163",163,"C",17,2008,"Aira caryophyllea",9,"EAG","Angelo"
"164",164,"C",17,2009,"Aira caryophyllea",14,"EAG","Angelo"
"165",165,"C",17,2010,"Aira caryophyllea",14,"EAG","Angelo"
"166",166,"C",17,2011,"Aira caryophyllea",15,"EAG","Angelo"
"167",167,"C",17,2012,"Aira caryophyllea",1,"EAG","Angelo"
"168",168,"C",17,2013,"Aira caryophyllea",6,"EAG","Angelo"
"169",169,"C",17,2014,"Aira caryophyllea",1,"EAG","Angelo"
"170",170,"C",17,2015,"Aira caryophyllea",8,"EAG","Angelo"
"171",171,"C",24,2002,"Aira caryophyllea",9,"EAG","Angelo"
"172",172,"C",24,2003,"Aira caryophyllea",9,"EAG","Angelo"
"173",173,"C",24,2004,"Aira caryophyllea",8,"EAG","Angelo"
"174",174,"C",24,2005,"Aira caryophyllea",27,"EAG","Angelo"
"175",175,"C",24,2006,"Aira caryophyllea",10,"EAG","Angelo"
"176",176,"C",24,2007,"Aira caryophyllea",13,"EAG","Angelo"
"177",177,"C",24,2008,"Aira caryophyllea",9,"EAG","Angelo"
"178",178,"C",24,2009,"Aira caryophyllea",4,"EAG","Angelo"
"179",179,"C",24,2010,"Aira caryophyllea",6,"EAG","Angelo"
"180",180,"C",24,2011,"Aira caryophyllea",7,"EAG","Angelo"
"181",181,"C",24,2013,"Aira caryophyllea",3,"EAG","Angelo"
"182",182,"C",24,2014,"Aira caryophyllea",1,"EAG","Angelo"
"183",183,"C",24,2015,"Aira caryophyllea",6,"EAG","Angelo"
"184",184,"C",28,2002,"Aira caryophyllea",14,"EAG","Angelo"
"185",185,"C",28,2003,"Aira caryophyllea",39,"EAG","Angelo"
"186",186,"C",28,2004,"Aira caryophyllea",48,"EAG","Angelo"
"187",187,"C",28,2005,"Aira caryophyllea",29,"EAG","Angelo"
"188",188,"C",28,2006,"Aira caryophyllea",28,"EAG","Angelo"
"189",189,"C",28,2007,"Aira caryophyllea",22,"EAG","Angelo"
"190",190,"C",28,2008,"Aira caryophyllea",27,"EAG","Angelo"
"191",191,"C",28,2009,"Aira caryophyllea",26,"EAG","Angelo"
"192",192,"C",28,2010,"Aira caryophyllea",15,"EAG","Angelo"
"193",193,"C",28,2011,"Aira caryophyllea",20,"EAG","Angelo"
"194",194,"C",28,2012,"Aira caryophyllea",7,"EAG","Angelo"
"195",195,"C",28,2013,"Aira caryophyllea",3,"EAG","Angelo"
"196",196,"C",28,2015,"Aira caryophyllea",15,"EAG","Angelo"
"197",197,"C",33,2002,"Aira caryophyllea",13,"EAG","Angelo"
"198",198,"C",33,2003,"Aira caryophyllea",23,"EAG","Angelo"
"199",199,"C",33,2004,"Aira caryophyllea",35,"EAG","Angelo"
"200",200,"C",33,2005,"Aira caryophyllea",29,"EAG","Angelo"
"201",201,"C",33,2006,"Aira caryophyllea",35,"EAG","Angelo"
"202",202,"C",33,2007,"Aira caryophyllea",14,"EAG","Angelo"
"203",203,"C",33,2008,"Aira caryophyllea",21,"EAG","Angelo"
"204",204,"C",33,2009,"Aira caryophyllea",13,"EAG","Angelo"
"205",205,"C",33,2010,"Aira caryophyllea",10,"EAG","Angelo"
"206",206,"C",33,2011,"Aira caryophyllea",14,"EAG","Angelo"
"207",207,"C",33,2012,"Aira caryophyllea",5,"EAG","Angelo"
"208",208,"C",33,2013,"Aira caryophyllea",3,"EAG","Angelo"
"209",209,"C",33,2015,"Aira caryophyllea",8,"EAG","Angelo"
"210",210,"C",6,2002,"Briza minor ",4,"EAG","Angelo"
"211",211,"C",6,2003,"Briza minor ",3,"EAG","Angelo"
"212",212,"C",6,2006,"Briza minor ",1,"EAG","Angelo"
"213",213,"C",6,2007,"Briza minor ",5,"EAG","Angelo"
"214",214,"C",6,2009,"Briza minor ",1,"EAG","Angelo"
"215",215,"C",6,2010,"Briza minor ",1,"EAG","Angelo"
"216",216,"C",6,2011,"Briza minor ",5,"EAG","Angelo"
"217",217,"C",6,2012,"Briza minor ",6,"EAG","Angelo"
"218",218,"C",17,2002,"Briza minor ",1,"EAG","Angelo"
"219",219,"C",17,2003,"Briza minor ",7,"EAG","Angelo"
"220",220,"C",17,2004,"Briza minor ",2,"EAG","Angelo"
"221",221,"C",17,2005,"Briza minor ",1,"EAG","Angelo"
"222",222,"C",17,2007,"Briza minor ",2,"EAG","Angelo"
"223",223,"C",17,2008,"Briza minor ",1,"EAG","Angelo"
"224",224,"C",17,2010,"Briza minor ",3,"EAG","Angelo"
"225",225,"C",17,2011,"Briza minor ",2,"EAG","Angelo"
"226",226,"C",17,2013,"Briza minor ",1,"EAG","Angelo"
"227",227,"C",24,2004,"Briza minor ",2,"EAG","Angelo"
"228",228,"C",24,2008,"Briza minor ",2,"EAG","Angelo"
"229",229,"C",28,2003,"Briza minor ",2,"EAG","Angelo"
"230",230,"C",28,2005,"Briza minor ",3,"EAG","Angelo"
"231",231,"C",28,2007,"Briza minor ",2,"EAG","Angelo"
"232",232,"C",33,2011,"Briza minor ",1,"EAG","Angelo"
"233",233,"C",6,2002,"Cynosurus echinatus ",2,"EAG","Angelo"
"234",234,"C",6,2003,"Cynosurus echinatus ",3,"EAG","Angelo"
"235",235,"C",6,2006,"Cynosurus echinatus ",2,"EAG","Angelo"
"236",236,"C",17,2002,"Cynosurus echinatus ",1,"EAG","Angelo"
"237",237,"C",24,2002,"Cynosurus echinatus ",1,"EAG","Angelo"
"238",238,"C",24,2004,"Cynosurus echinatus ",2,"EAG","Angelo"
"239",239,"C",24,2005,"Cynosurus echinatus ",1,"EAG","Angelo"
"240",240,"C",6,2002,"Vulpia myuros ",3,"EAG","Angelo"
"241",241,"C",6,2003,"Vulpia myuros ",5,"EAG","Angelo"
"242",242,"C",6,2004,"Vulpia myuros ",6,"EAG","Angelo"
"243",243,"C",6,2005,"Vulpia myuros ",8,"EAG","Angelo"
"244",244,"C",6,2006,"Vulpia myuros ",14,"EAG","Angelo"
"245",245,"C",6,2008,"Vulpia myuros ",4,"EAG","Angelo"
"246",246,"C",6,2009,"Vulpia myuros ",2,"EAG","Angelo"
"247",247,"C",6,2010,"Vulpia myuros ",3,"EAG","Angelo"
"248",248,"C",6,2011,"Vulpia myuros ",18,"EAG","Angelo"
"249",249,"C",6,2012,"Vulpia myuros ",74,"EAG","Angelo"
"250",250,"C",6,2013,"Vulpia myuros ",44,"EAG","Angelo"
"251",251,"C",6,2014,"Vulpia myuros ",3,"EAG","Angelo"
"252",252,"C",6,2015,"Vulpia myuros ",7,"EAG","Angelo"
"253",253,"C",17,2002,"Vulpia myuros ",18,"EAG","Angelo"
"254",254,"C",17,2003,"Vulpia myuros ",8,"EAG","Angelo"
"255",255,"C",17,2004,"Vulpia myuros ",12,"EAG","Angelo"
"256",256,"C",17,2005,"Vulpia myuros ",22,"EAG","Angelo"
"257",257,"C",17,2006,"Vulpia myuros ",32,"EAG","Angelo"
"258",258,"C",17,2007,"Vulpia myuros ",12,"EAG","Angelo"
"259",259,"C",17,2008,"Vulpia myuros ",9,"EAG","Angelo"
"260",260,"C",17,2009,"Vulpia myuros ",17,"EAG","Angelo"
"261",261,"C",17,2010,"Vulpia myuros ",8,"EAG","Angelo"
"262",262,"C",17,2011,"Vulpia myuros ",27,"EAG","Angelo"
"263",263,"C",17,2012,"Vulpia myuros ",87,"EAG","Angelo"
"264",264,"C",17,2013,"Vulpia myuros ",22,"EAG","Angelo"
"265",265,"C",17,2015,"Vulpia myuros ",2,"EAG","Angelo"
"266",266,"C",24,2002,"Vulpia myuros ",7,"EAG","Angelo"
"267",267,"C",24,2003,"Vulpia myuros ",19,"EAG","Angelo"
"268",268,"C",24,2004,"Vulpia myuros ",32,"EAG","Angelo"
"269",269,"C",24,2005,"Vulpia myuros ",15,"EAG","Angelo"
"270",270,"C",24,2006,"Vulpia myuros ",48,"EAG","Angelo"
"271",271,"C",24,2007,"Vulpia myuros ",35,"EAG","Angelo"
"272",272,"C",24,2008,"Vulpia myuros ",26,"EAG","Angelo"
"273",273,"C",24,2009,"Vulpia myuros ",28,"EAG","Angelo"
"274",274,"C",24,2010,"Vulpia myuros ",13,"EAG","Angelo"
"275",275,"C",24,2011,"Vulpia myuros ",33,"EAG","Angelo"
"276",276,"C",24,2012,"Vulpia myuros ",71,"EAG","Angelo"
"277",277,"C",24,2013,"Vulpia myuros ",31,"EAG","Angelo"
"278",278,"C",24,2015,"Vulpia myuros ",2,"EAG","Angelo"
"279",279,"C",28,2002,"Vulpia myuros ",8,"EAG","Angelo"
"280",280,"C",28,2003,"Vulpia myuros ",8,"EAG","Angelo"
"281",281,"C",28,2004,"Vulpia myuros ",4,"EAG","Angelo"
"282",282,"C",28,2005,"Vulpia myuros ",16,"EAG","Angelo"
"283",283,"C",28,2006,"Vulpia myuros ",2,"EAG","Angelo"
"284",284,"C",28,2007,"Vulpia myuros ",11,"EAG","Angelo"
"285",285,"C",28,2008,"Vulpia myuros ",2,"EAG","Angelo"
"286",286,"C",28,2009,"Vulpia myuros ",16,"EAG","Angelo"
"287",287,"C",28,2010,"Vulpia myuros ",15,"EAG","Angelo"
"288",288,"C",28,2011,"Vulpia myuros ",36,"EAG","Angelo"
"289",289,"C",28,2012,"Vulpia myuros ",80,"EAG","Angelo"
"290",290,"C",28,2013,"Vulpia myuros ",15,"EAG","Angelo"
"291",291,"C",28,2015,"Vulpia myuros ",5,"EAG","Angelo"
"292",292,"C",33,2003,"Vulpia myuros ",1,"EAG","Angelo"
"293",293,"C",33,2004,"Vulpia myuros ",2,"EAG","Angelo"
"294",294,"C",33,2005,"Vulpia myuros ",3,"EAG","Angelo"
"295",295,"C",33,2006,"Vulpia myuros ",3,"EAG","Angelo"
"296",296,"C",33,2007,"Vulpia myuros ",7,"EAG","Angelo"
"297",297,"C",33,2008,"Vulpia myuros ",11,"EAG","Angelo"
"298",298,"C",33,2009,"Vulpia myuros ",11,"EAG","Angelo"
"299",299,"C",33,2010,"Vulpia myuros ",17,"EAG","Angelo"
"300",300,"C",33,2011,"Vulpia myuros ",28,"EAG","Angelo"
"301",301,"C",33,2012,"Vulpia myuros ",57,"EAG","Angelo"
"302",302,"C",33,2013,"Vulpia myuros ",23,"EAG","Angelo"
"303",303,"C",33,2015,"Vulpia myuros ",3,"EAG","Angelo"
"304",304,"C",6,2003,"Avena barbata ",1,"EAG","Angelo"
"305",305,"C",6,2005,"Avena barbata ",3,"EAG","Angelo"
"306",306,"C",6,2006,"Avena barbata ",2,"EAG","Angelo"
"307",307,"C",6,2007,"Avena barbata ",3,"EAG","Angelo"
"308",308,"C",6,2008,"Avena barbata ",1,"EAG","Angelo"
"309",309,"C",6,2010,"Avena barbata ",2,"EAG","Angelo"
"310",310,"C",6,2014,"Avena barbata ",5,"EAG","Angelo"
"311",311,"C",24,2002,"Avena barbata ",1,"EAG","Angelo"
"312",312,"C",6,2010,"Dichelostemma capitatum ",1,"NPF","Angelo"
"313",313,"C",6,2011,"Dichelostemma capitatum ",3,"NPF","Angelo"
"314",314,"C",6,2013,"Dichelostemma capitatum ",1,"NPF","Angelo"
"315",315,"C",17,2003,"Dichelostemma capitatum ",6,"NPF","Angelo"
"316",316,"C",17,2004,"Dichelostemma capitatum ",4,"NPF","Angelo"
"317",317,"C",17,2005,"Dichelostemma capitatum ",5,"NPF","Angelo"
"318",318,"C",17,2006,"Dichelostemma capitatum ",1,"NPF","Angelo"
"319",319,"C",17,2008,"Dichelostemma capitatum ",1,"NPF","Angelo"
"320",320,"C",17,2009,"Dichelostemma capitatum ",1,"NPF","Angelo"
"321",321,"C",17,2010,"Dichelostemma capitatum ",3,"NPF","Angelo"
"322",322,"C",17,2011,"Dichelostemma capitatum ",5,"NPF","Angelo"
"323",323,"C",17,2013,"Dichelostemma capitatum ",1,"NPF","Angelo"
"324",324,"C",17,2014,"Dichelostemma capitatum ",2,"NPF","Angelo"
"325",325,"C",24,2002,"Dichelostemma capitatum ",4,"NPF","Angelo"
"326",326,"C",24,2004,"Dichelostemma capitatum ",2,"NPF","Angelo"
"327",327,"C",24,2005,"Dichelostemma capitatum ",6,"NPF","Angelo"
"328",328,"C",24,2006,"Dichelostemma capitatum ",1,"NPF","Angelo"
"329",329,"C",24,2007,"Dichelostemma capitatum ",2,"NPF","Angelo"
"330",330,"C",24,2008,"Dichelostemma capitatum ",2,"NPF","Angelo"
"331",331,"C",24,2010,"Dichelostemma capitatum ",4,"NPF","Angelo"
"332",332,"C",24,2011,"Dichelostemma capitatum ",5,"NPF","Angelo"
"333",333,"C",28,2004,"Dichelostemma capitatum ",2,"NPF","Angelo"
"334",334,"C",28,2005,"Dichelostemma capitatum ",4,"NPF","Angelo"
"335",335,"C",28,2008,"Dichelostemma capitatum ",1,"NPF","Angelo"
"336",336,"C",28,2010,"Dichelostemma capitatum ",5,"NPF","Angelo"
"337",337,"C",28,2011,"Dichelostemma capitatum ",4,"NPF","Angelo"
"338",338,"C",28,2014,"Dichelostemma capitatum ",5,"NPF","Angelo"
"339",339,"C",33,2004,"Dichelostemma capitatum ",1,"NPF","Angelo"
"340",340,"C",33,2005,"Dichelostemma capitatum ",2,"NPF","Angelo"
"341",341,"C",33,2010,"Dichelostemma capitatum ",3,"NPF","Angelo"
"342",342,"C",33,2014,"Dichelostemma capitatum ",2,"NPF","Angelo"
"343",343,"C",17,2015,"Brodiaea elegans",1,"NPF","Angelo"
"344",344,"C",6,2003,"Eschscholzia californica ",2,"NPF","Angelo"
"345",345,"C",6,2004,"Eschscholzia californica ",8,"NPF","Angelo"
"346",346,"C",6,2006,"Eschscholzia californica ",1,"NPF","Angelo"
"347",347,"C",6,2008,"Eschscholzia californica ",5,"NPF","Angelo"
"348",348,"C",6,2009,"Eschscholzia californica ",4,"NPF","Angelo"
"349",349,"C",6,2010,"Eschscholzia californica ",5,"NPF","Angelo"
"350",350,"C",6,2011,"Eschscholzia californica ",10,"NPF","Angelo"
"351",351,"C",6,2012,"Eschscholzia californica ",9,"NPF","Angelo"
"352",352,"C",6,2013,"Eschscholzia californica ",11,"NPF","Angelo"
"353",353,"C",6,2014,"Eschscholzia californica ",4,"NPF","Angelo"
"354",354,"C",6,2015,"Eschscholzia californica ",6,"NPF","Angelo"
"355",355,"C",17,2002,"Eschscholzia californica ",1,"NPF","Angelo"
"356",356,"C",17,2003,"Eschscholzia californica ",2,"NPF","Angelo"
"357",357,"C",17,2004,"Eschscholzia californica ",3,"NPF","Angelo"
"358",358,"C",17,2005,"Eschscholzia californica ",8,"NPF","Angelo"
"359",359,"C",17,2006,"Eschscholzia californica ",14,"NPF","Angelo"
"360",360,"C",17,2007,"Eschscholzia californica ",5,"NPF","Angelo"
"361",361,"C",17,2008,"Eschscholzia californica ",6,"NPF","Angelo"
"362",362,"C",17,2009,"Eschscholzia californica ",13,"NPF","Angelo"
"363",363,"C",17,2010,"Eschscholzia californica ",8,"NPF","Angelo"
"364",364,"C",17,2011,"Eschscholzia californica ",18,"NPF","Angelo"
"365",365,"C",17,2012,"Eschscholzia californica ",16,"NPF","Angelo"
"366",366,"C",17,2013,"Eschscholzia californica ",21,"NPF","Angelo"
"367",367,"C",17,2014,"Eschscholzia californica ",13,"NPF","Angelo"
"368",368,"C",17,2015,"Eschscholzia californica ",14,"NPF","Angelo"
"369",369,"C",24,2002,"Eschscholzia californica ",2,"NPF","Angelo"
"370",370,"C",24,2003,"Eschscholzia californica ",4,"NPF","Angelo"
"371",371,"C",24,2004,"Eschscholzia californica ",7,"NPF","Angelo"
"372",372,"C",24,2005,"Eschscholzia californica ",3,"NPF","Angelo"
"373",373,"C",24,2006,"Eschscholzia californica ",5,"NPF","Angelo"
"374",374,"C",24,2007,"Eschscholzia californica ",2,"NPF","Angelo"
"375",375,"C",24,2008,"Eschscholzia californica ",3,"NPF","Angelo"
"376",376,"C",24,2009,"Eschscholzia californica ",22,"NPF","Angelo"
"377",377,"C",24,2010,"Eschscholzia californica ",13,"NPF","Angelo"
"378",378,"C",24,2011,"Eschscholzia californica ",17,"NPF","Angelo"
"379",379,"C",24,2012,"Eschscholzia californica ",15,"NPF","Angelo"
"380",380,"C",24,2013,"Eschscholzia californica ",10,"NPF","Angelo"
"381",381,"C",24,2014,"Eschscholzia californica ",13,"NPF","Angelo"
"382",382,"C",24,2015,"Eschscholzia californica ",12,"NPF","Angelo"
"383",383,"C",28,2002,"Eschscholzia californica ",1,"NPF","Angelo"
"384",384,"C",28,2010,"Eschscholzia californica ",2,"NPF","Angelo"
"385",385,"C",28,2011,"Eschscholzia californica ",1,"NPF","Angelo"
"386",386,"C",28,2012,"Eschscholzia californica ",4,"NPF","Angelo"
"387",387,"C",28,2013,"Eschscholzia californica ",3,"NPF","Angelo"
"388",388,"C",28,2015,"Eschscholzia californica ",4,"NPF","Angelo"
"389",389,"C",33,2002,"Eschscholzia californica ",1,"NPF","Angelo"
"390",390,"C",33,2003,"Eschscholzia californica ",1,"NPF","Angelo"
"391",391,"C",33,2004,"Eschscholzia californica ",9,"NPF","Angelo"
"392",392,"C",33,2005,"Eschscholzia californica ",12,"NPF","Angelo"
"393",393,"C",33,2006,"Eschscholzia californica ",12,"NPF","Angelo"
"394",394,"C",33,2007,"Eschscholzia californica ",15,"NPF","Angelo"
"395",395,"C",33,2008,"Eschscholzia californica ",17,"NPF","Angelo"
"396",396,"C",33,2009,"Eschscholzia californica ",8,"NPF","Angelo"
"397",397,"C",33,2010,"Eschscholzia californica ",11,"NPF","Angelo"
"398",398,"C",33,2011,"Eschscholzia californica ",26,"NPF","Angelo"
"399",399,"C",33,2012,"Eschscholzia californica ",28,"NPF","Angelo"
"400",400,"C",33,2013,"Eschscholzia californica ",16,"NPF","Angelo"
"401",401,"C",33,2014,"Eschscholzia californica ",7,"NPF","Angelo"
"402",402,"C",33,2015,"Eschscholzia californica ",13,"NPF","Angelo"
"403",403,"C",6,2002,"Sanicula bipinnatifida ",1,"EPF","Angelo"
"404",404,"C",6,2003,"Sanicula bipinnatifida ",3,"EPF","Angelo"
"405",405,"C",6,2004,"Sanicula bipinnatifida ",1,"EPF","Angelo"
"406",406,"C",6,2005,"Sanicula bipinnatifida ",2,"EPF","Angelo"
"407",407,"C",6,2008,"Sanicula bipinnatifida ",1,"EPF","Angelo"
"408",408,"C",6,2009,"Sanicula bipinnatifida ",2,"EPF","Angelo"
"409",409,"C",6,2010,"Sanicula bipinnatifida ",3,"EPF","Angelo"
"410",410,"C",6,2011,"Sanicula bipinnatifida ",6,"EPF","Angelo"
"411",411,"C",6,2013,"Sanicula bipinnatifida ",4,"EPF","Angelo"
"412",412,"C",6,2015,"Sanicula bipinnatifida ",3,"EPF","Angelo"
"413",413,"C",17,2002,"Sanicula bipinnatifida ",1,"EPF","Angelo"
"414",414,"C",17,2003,"Sanicula bipinnatifida ",2,"EPF","Angelo"
"415",415,"C",17,2004,"Sanicula bipinnatifida ",1,"EPF","Angelo"
"416",416,"C",17,2005,"Sanicula bipinnatifida ",4,"EPF","Angelo"
"417",417,"C",17,2007,"Sanicula bipinnatifida ",1,"EPF","Angelo"
"418",418,"C",17,2008,"Sanicula bipinnatifida ",4,"EPF","Angelo"
"419",419,"C",17,2009,"Sanicula bipinnatifida ",7,"EPF","Angelo"
"420",420,"C",17,2010,"Sanicula bipinnatifida ",5,"EPF","Angelo"
"421",421,"C",17,2011,"Sanicula bipinnatifida ",5,"EPF","Angelo"
"422",422,"C",17,2012,"Sanicula bipinnatifida ",13,"EPF","Angelo"
"423",423,"C",17,2013,"Sanicula bipinnatifida ",7,"EPF","Angelo"
"424",424,"C",17,2014,"Sanicula bipinnatifida ",4,"EPF","Angelo"
"425",425,"C",17,2015,"Sanicula bipinnatifida ",5,"EPF","Angelo"
"426",426,"C",24,2002,"Sanicula bipinnatifida ",2,"EPF","Angelo"
"427",427,"C",24,2003,"Sanicula bipinnatifida ",6,"EPF","Angelo"
"428",428,"C",24,2004,"Sanicula bipinnatifida ",3,"EPF","Angelo"
"429",429,"C",24,2005,"Sanicula bipinnatifida ",6,"EPF","Angelo"
"430",430,"C",24,2006,"Sanicula bipinnatifida ",2,"EPF","Angelo"
"431",431,"C",24,2007,"Sanicula bipinnatifida ",11,"EPF","Angelo"
"432",432,"C",24,2008,"Sanicula bipinnatifida ",6,"EPF","Angelo"
"433",433,"C",24,2009,"Sanicula bipinnatifida ",9,"EPF","Angelo"
"434",434,"C",24,2010,"Sanicula bipinnatifida ",7,"EPF","Angelo"
"435",435,"C",24,2011,"Sanicula bipinnatifida ",14,"EPF","Angelo"
"436",436,"C",24,2012,"Sanicula bipinnatifida ",19,"EPF","Angelo"
"437",437,"C",24,2013,"Sanicula bipinnatifida ",9,"EPF","Angelo"
"438",438,"C",24,2014,"Sanicula bipinnatifida ",9,"EPF","Angelo"
"439",439,"C",24,2015,"Sanicula bipinnatifida ",4,"EPF","Angelo"
"440",440,"C",28,2002,"Sanicula bipinnatifida ",1,"EPF","Angelo"
"441",441,"C",28,2003,"Sanicula bipinnatifida ",3,"EPF","Angelo"
"442",442,"C",28,2004,"Sanicula bipinnatifida ",2,"EPF","Angelo"
"443",443,"C",28,2005,"Sanicula bipinnatifida ",5,"EPF","Angelo"
"444",444,"C",28,2006,"Sanicula bipinnatifida ",1,"EPF","Angelo"
"445",445,"C",28,2007,"Sanicula bipinnatifida ",7,"EPF","Angelo"
"446",446,"C",28,2008,"Sanicula bipinnatifida ",4,"EPF","Angelo"
"447",447,"C",28,2009,"Sanicula bipinnatifida ",7,"EPF","Angelo"
"448",448,"C",28,2010,"Sanicula bipinnatifida ",9,"EPF","Angelo"
"449",449,"C",28,2011,"Sanicula bipinnatifida ",10,"EPF","Angelo"
"450",450,"C",28,2012,"Sanicula bipinnatifida ",15,"EPF","Angelo"
"451",451,"C",28,2013,"Sanicula bipinnatifida ",2,"EPF","Angelo"
"452",452,"C",28,2014,"Sanicula bipinnatifida ",9,"EPF","Angelo"
"453",453,"C",28,2015,"Sanicula bipinnatifida ",7,"EPF","Angelo"
"454",454,"C",33,2006,"Sanicula bipinnatifida ",1,"EPF","Angelo"
"455",455,"C",33,2008,"Sanicula bipinnatifida ",3,"EPF","Angelo"
"456",456,"C",33,2010,"Sanicula bipinnatifida ",2,"EPF","Angelo"
"457",457,"C",33,2011,"Sanicula bipinnatifida ",1,"EPF","Angelo"
"458",458,"C",33,2012,"Sanicula bipinnatifida ",4,"EPF","Angelo"
"459",459,"C",33,2013,"Sanicula bipinnatifida ",3,"EPF","Angelo"
"460",460,"C",33,2014,"Sanicula bipinnatifida ",3,"EPF","Angelo"
"461",461,"C",33,2015,"Sanicula bipinnatifida ",2,"EPF","Angelo"
"462",462,"C",6,2011,"Rumex acetosella ",2,"EPF","Angelo"
"463",463,"C",6,2012,"Rumex acetosella ",10,"EPF","Angelo"
"464",464,"C",6,2013,"Rumex acetosella ",4,"EPF","Angelo"
"465",465,"C",6,2014,"Rumex acetosella ",2,"EPF","Angelo"
"466",466,"C",6,2015,"Rumex acetosella ",3,"EPF","Angelo"
"467",467,"C",17,2010,"Rumex acetosella ",2,"EPF","Angelo"
"468",468,"C",17,2011,"Rumex acetosella ",2,"EPF","Angelo"
"469",469,"C",17,2012,"Rumex acetosella ",2,"EPF","Angelo"
"470",470,"C",17,2013,"Rumex acetosella ",2,"EPF","Angelo"
"471",471,"C",17,2014,"Rumex acetosella ",2,"EPF","Angelo"
"472",472,"C",17,2015,"Rumex acetosella ",3,"EPF","Angelo"
"473",473,"C",24,2004,"Rumex acetosella ",1,"EPF","Angelo"
"474",474,"C",24,2008,"Rumex acetosella ",1,"EPF","Angelo"
"475",475,"C",24,2010,"Rumex acetosella ",2,"EPF","Angelo"
"476",476,"C",24,2011,"Rumex acetosella ",2,"EPF","Angelo"
"477",477,"C",24,2012,"Rumex acetosella ",8,"EPF","Angelo"
"478",478,"C",24,2013,"Rumex acetosella ",5,"EPF","Angelo"
"479",479,"C",24,2014,"Rumex acetosella ",1,"EPF","Angelo"
"480",480,"C",24,2015,"Rumex acetosella ",9,"EPF","Angelo"
"481",481,"C",28,2010,"Rumex acetosella ",3,"EPF","Angelo"
"482",482,"C",28,2011,"Rumex acetosella ",2,"EPF","Angelo"
"483",483,"C",28,2013,"Rumex acetosella ",4,"EPF","Angelo"
"484",484,"C",33,2002,"Rumex acetosella ",3,"EPF","Angelo"
"485",485,"C",33,2003,"Rumex acetosella ",6,"EPF","Angelo"
"486",486,"C",33,2004,"Rumex acetosella ",4,"EPF","Angelo"
"487",487,"C",33,2005,"Rumex acetosella ",1,"EPF","Angelo"
"488",488,"C",33,2007,"Rumex acetosella ",3,"EPF","Angelo"
"489",489,"C",33,2008,"Rumex acetosella ",6,"EPF","Angelo"
"490",490,"C",33,2009,"Rumex acetosella ",6,"EPF","Angelo"
"491",491,"C",33,2010,"Rumex acetosella ",4,"EPF","Angelo"
"492",492,"C",33,2011,"Rumex acetosella ",11,"EPF","Angelo"
"493",493,"C",33,2012,"Rumex acetosella ",11,"EPF","Angelo"
"494",494,"C",33,2013,"Rumex acetosella ",3,"EPF","Angelo"
"495",495,"C",33,2014,"Rumex acetosella ",15,"EPF","Angelo"
"496",496,"C",33,2015,"Rumex acetosella ",14,"EPF","Angelo"
"497",497,"C",24,2010,"Convolvulus arvensis",3,"EPF","Angelo"
"498",498,"C",33,2002,"Convolvulus arvensis",2,"EPF","Angelo"
"499",499,"C",33,2012,"Convolvulus arvensis",3,"EPF","Angelo"
"500",500,"C",17,2007,"Torilis arvensis",2,"EAF","Angelo"
"501",501,"C",6,2007,"Daucus pusillus ",2,"NAF","Angelo"
"502",502,"C",6,2009,"Daucus pusillus ",6,"NAF","Angelo"
"503",503,"C",6,2010,"Daucus pusillus ",8,"NAF","Angelo"
"504",504,"C",6,2013,"Daucus pusillus ",5,"NAF","Angelo"
"505",505,"C",6,2014,"Daucus pusillus ",9,"NAF","Angelo"
"506",506,"C",6,2015,"Daucus pusillus ",18,"NAF","Angelo"
"507",507,"C",17,2008,"Daucus pusillus ",2,"NAF","Angelo"
"508",508,"C",17,2013,"Daucus pusillus ",3,"NAF","Angelo"
"509",509,"C",17,2014,"Daucus pusillus ",5,"NAF","Angelo"
"510",510,"C",17,2015,"Daucus pusillus ",10,"NAF","Angelo"
"511",511,"C",24,2008,"Daucus pusillus ",1,"NAF","Angelo"
"512",512,"C",28,2007,"Daucus pusillus ",1,"NAF","Angelo"
"513",513,"C",28,2010,"Daucus pusillus ",5,"NAF","Angelo"
"514",514,"C",28,2012,"Daucus pusillus ",2,"NAF","Angelo"
"515",515,"C",28,2013,"Daucus pusillus ",1,"NAF","Angelo"
"516",516,"C",28,2014,"Daucus pusillus ",2,"NAF","Angelo"
"517",517,"C",28,2015,"Daucus pusillus ",6,"NAF","Angelo"
"518",518,"C",33,2010,"Daucus pusillus ",6,"NAF","Angelo"
"519",519,"C",33,2013,"Daucus pusillus ",2,"NAF","Angelo"
"520",520,"C",33,2014,"Daucus pusillus ",1,"NAF","Angelo"
"521",521,"C",33,2015,"Daucus pusillus ",9,"NAF","Angelo"
"522",522,"C",6,2002,"Trifolium spp.",1,"NAF","Angelo"
"523",523,"C",6,2008,"Trifolium spp.",1,"NAF","Angelo"
"524",524,"C",6,2009,"Trifolium spp.",3,"NAF","Angelo"
"525",525,"C",6,2010,"Trifolium spp.",4,"NAF","Angelo"
"526",526,"C",6,2013,"Trifolium spp.",2,"NAF","Angelo"
"527",527,"C",6,2014,"Trifolium spp.",2,"NAF","Angelo"
"528",528,"C",6,2015,"Trifolium spp.",5,"NAF","Angelo"
"529",529,"C",17,2002,"Trifolium spp.",1,"NAF","Angelo"
"530",530,"C",17,2004,"Trifolium spp.",3,"NAF","Angelo"
"531",531,"C",17,2005,"Trifolium spp.",1,"NAF","Angelo"
"532",532,"C",17,2007,"Trifolium spp.",3,"NAF","Angelo"
"533",533,"C",17,2008,"Trifolium spp.",5,"NAF","Angelo"
"534",534,"C",17,2009,"Trifolium spp.",6,"NAF","Angelo"
"535",535,"C",17,2010,"Trifolium spp.",8,"NAF","Angelo"
"536",536,"C",17,2013,"Trifolium spp.",3,"NAF","Angelo"
"537",537,"C",17,2014,"Trifolium spp.",11,"NAF","Angelo"
"538",538,"C",17,2015,"Trifolium spp.",19,"NAF","Angelo"
"539",539,"C",24,2002,"Trifolium spp.",2,"NAF","Angelo"
"540",540,"C",24,2004,"Trifolium spp.",1,"NAF","Angelo"
"541",541,"C",24,2005,"Trifolium spp.",3,"NAF","Angelo"
"542",542,"C",24,2007,"Trifolium spp.",8,"NAF","Angelo"
"543",543,"C",24,2008,"Trifolium spp.",7,"NAF","Angelo"
"544",544,"C",24,2009,"Trifolium spp.",6,"NAF","Angelo"
"545",545,"C",24,2010,"Trifolium spp.",5,"NAF","Angelo"
"546",546,"C",24,2013,"Trifolium spp.",1,"NAF","Angelo"
"547",547,"C",24,2014,"Trifolium spp.",9,"NAF","Angelo"
"548",548,"C",24,2015,"Trifolium spp.",14,"NAF","Angelo"
"549",549,"C",28,2002,"Trifolium spp.",6,"NAF","Angelo"
"550",550,"C",28,2003,"Trifolium spp.",8,"NAF","Angelo"
"551",551,"C",28,2004,"Trifolium spp.",8,"NAF","Angelo"
"552",552,"C",28,2005,"Trifolium spp.",13,"NAF","Angelo"
"553",553,"C",28,2007,"Trifolium spp.",12,"NAF","Angelo"
"554",554,"C",28,2008,"Trifolium spp.",8,"NAF","Angelo"
"555",555,"C",28,2009,"Trifolium spp.",1,"NAF","Angelo"
"556",556,"C",28,2010,"Trifolium spp.",18,"NAF","Angelo"
"557",557,"C",28,2013,"Trifolium spp.",7,"NAF","Angelo"
"558",558,"C",28,2014,"Trifolium spp.",3,"NAF","Angelo"
"559",559,"C",28,2015,"Trifolium spp.",12,"NAF","Angelo"
"560",560,"C",33,2002,"Trifolium spp.",6,"NAF","Angelo"
"561",561,"C",33,2003,"Trifolium spp.",6,"NAF","Angelo"
"562",562,"C",33,2004,"Trifolium spp.",7,"NAF","Angelo"
"563",563,"C",33,2005,"Trifolium spp.",4,"NAF","Angelo"
"564",564,"C",33,2007,"Trifolium spp.",9,"NAF","Angelo"
"565",565,"C",33,2008,"Trifolium spp.",10,"NAF","Angelo"
"566",566,"C",33,2009,"Trifolium spp.",4,"NAF","Angelo"
"567",567,"C",33,2010,"Trifolium spp.",8,"NAF","Angelo"
"568",568,"C",33,2013,"Trifolium spp.",10,"NAF","Angelo"
"569",569,"C",33,2014,"Trifolium spp.",8,"NAF","Angelo"
"570",570,"C",33,2015,"Trifolium spp.",17,"NAF","Angelo"
"571",571,"C",6,2002,"Lotus micranthus ",4,"NAF","Angelo"
"572",572,"C",6,2003,"Lotus micranthus ",7,"NAF","Angelo"
"573",573,"C",6,2004,"Lotus micranthus ",3,"NAF","Angelo"
"574",574,"C",6,2005,"Lotus micranthus ",5,"NAF","Angelo"
"575",575,"C",6,2007,"Lotus micranthus ",14,"NAF","Angelo"
"576",576,"C",6,2008,"Lotus micranthus ",18,"NAF","Angelo"
"577",577,"C",6,2009,"Lotus micranthus ",11,"NAF","Angelo"
"578",578,"C",6,2010,"Lotus micranthus ",13,"NAF","Angelo"
"579",579,"C",6,2011,"Lotus micranthus ",8,"NAF","Angelo"
"580",580,"C",6,2012,"Lotus micranthus ",8,"NAF","Angelo"
"581",581,"C",6,2013,"Lotus micranthus ",7,"NAF","Angelo"
"582",582,"C",6,2014,"Lotus micranthus ",11,"NAF","Angelo"
"583",583,"C",6,2015,"Lotus micranthus ",7,"NAF","Angelo"
"584",584,"C",17,2002,"Lotus micranthus ",10,"NAF","Angelo"
"585",585,"C",17,2003,"Lotus micranthus ",17,"NAF","Angelo"
"586",586,"C",17,2004,"Lotus micranthus ",7,"NAF","Angelo"
"587",587,"C",17,2005,"Lotus micranthus ",6,"NAF","Angelo"
"588",588,"C",17,2007,"Lotus micranthus ",3,"NAF","Angelo"
"589",589,"C",17,2008,"Lotus micranthus ",11,"NAF","Angelo"
"590",590,"C",17,2009,"Lotus micranthus ",8,"NAF","Angelo"
"591",591,"C",17,2010,"Lotus micranthus ",5,"NAF","Angelo"
"592",592,"C",17,2011,"Lotus micranthus ",7,"NAF","Angelo"
"593",593,"C",17,2012,"Lotus micranthus ",6,"NAF","Angelo"
"594",594,"C",17,2013,"Lotus micranthus ",8,"NAF","Angelo"
"595",595,"C",17,2014,"Lotus micranthus ",13,"NAF","Angelo"
"596",596,"C",17,2015,"Lotus micranthus ",4,"NAF","Angelo"
"597",597,"C",24,2002,"Lotus micranthus ",1,"NAF","Angelo"
"598",598,"C",24,2003,"Lotus micranthus ",8,"NAF","Angelo"
"599",599,"C",24,2004,"Lotus micranthus ",6,"NAF","Angelo"
"600",600,"C",24,2005,"Lotus micranthus ",3,"NAF","Angelo"
"601",601,"C",24,2007,"Lotus micranthus ",9,"NAF","Angelo"
"602",602,"C",24,2008,"Lotus micranthus ",8,"NAF","Angelo"
"603",603,"C",24,2009,"Lotus micranthus ",5,"NAF","Angelo"
"604",604,"C",24,2010,"Lotus micranthus ",12,"NAF","Angelo"
"605",605,"C",24,2011,"Lotus micranthus ",8,"NAF","Angelo"
"606",606,"C",24,2012,"Lotus micranthus ",7,"NAF","Angelo"
"607",607,"C",24,2013,"Lotus micranthus ",8,"NAF","Angelo"
"608",608,"C",24,2014,"Lotus micranthus ",9,"NAF","Angelo"
"609",609,"C",24,2015,"Lotus micranthus ",8,"NAF","Angelo"
"610",610,"C",28,2002,"Lotus micranthus ",1,"NAF","Angelo"
"611",611,"C",28,2005,"Lotus micranthus ",5,"NAF","Angelo"
"612",612,"C",28,2007,"Lotus micranthus ",17,"NAF","Angelo"
"613",613,"C",28,2008,"Lotus micranthus ",7,"NAF","Angelo"
"614",614,"C",28,2009,"Lotus micranthus ",8,"NAF","Angelo"
"615",615,"C",28,2010,"Lotus micranthus ",10,"NAF","Angelo"
"616",616,"C",28,2011,"Lotus micranthus ",8,"NAF","Angelo"
"617",617,"C",28,2012,"Lotus micranthus ",8,"NAF","Angelo"
"618",618,"C",28,2013,"Lotus micranthus ",13,"NAF","Angelo"
"619",619,"C",28,2014,"Lotus micranthus ",3,"NAF","Angelo"
"620",620,"C",28,2015,"Lotus micranthus ",8,"NAF","Angelo"
"621",621,"C",33,2003,"Lotus micranthus ",4,"NAF","Angelo"
"622",622,"C",33,2004,"Lotus micranthus ",7,"NAF","Angelo"
"623",623,"C",33,2005,"Lotus micranthus ",4,"NAF","Angelo"
"624",624,"C",33,2007,"Lotus micranthus ",2,"NAF","Angelo"
"625",625,"C",33,2008,"Lotus micranthus ",5,"NAF","Angelo"
"626",626,"C",33,2009,"Lotus micranthus ",1,"NAF","Angelo"
"627",627,"C",33,2010,"Lotus micranthus ",5,"NAF","Angelo"
"628",628,"C",33,2011,"Lotus micranthus ",1,"NAF","Angelo"
"629",629,"C",33,2012,"Lotus micranthus ",2,"NAF","Angelo"
"630",630,"C",33,2013,"Lotus micranthus ",4,"NAF","Angelo"
"631",631,"C",33,2014,"Lotus micranthus ",5,"NAF","Angelo"
"632",632,"C",33,2015,"Lotus micranthus ",8,"NAF","Angelo"
"633",633,"C",17,2002,"Lotus wrangelianus ",7,"NAF","Angelo"
"634",634,"C",17,2009,"Lotus wrangelianus ",3,"NAF","Angelo"
"635",635,"C",17,2010,"Lotus wrangelianus ",1,"NAF","Angelo"
"636",636,"C",17,2013,"Lotus wrangelianus ",2,"NAF","Angelo"
"637",637,"C",24,2010,"Lotus wrangelianus ",2,"NAF","Angelo"
"638",638,"C",33,2009,"Lotus wrangelianus ",2,"NAF","Angelo"
"639",639,"C",33,2010,"Lotus wrangelianus ",1,"NAF","Angelo"
"640",640,"C",6,2002,"Lupinus bicolor ",3,"NAF","Angelo"
"641",641,"C",6,2003,"Lupinus bicolor ",7,"NAF","Angelo"
"642",642,"C",6,2007,"Lupinus bicolor ",13,"NAF","Angelo"
"643",643,"C",6,2008,"Lupinus bicolor ",13,"NAF","Angelo"
"644",644,"C",6,2009,"Lupinus bicolor ",11,"NAF","Angelo"
"645",645,"C",6,2010,"Lupinus bicolor ",7,"NAF","Angelo"
"646",646,"C",6,2013,"Lupinus bicolor ",7,"NAF","Angelo"
"647",647,"C",6,2014,"Lupinus bicolor ",20,"NAF","Angelo"
"648",648,"C",6,2015,"Lupinus bicolor ",9,"NAF","Angelo"
"649",649,"C",17,2008,"Lupinus bicolor ",1,"NAF","Angelo"
"650",650,"C",17,2009,"Lupinus bicolor ",2,"NAF","Angelo"
"651",651,"C",17,2010,"Lupinus bicolor ",5,"NAF","Angelo"
"652",652,"C",17,2014,"Lupinus bicolor ",3,"NAF","Angelo"
"653",653,"C",17,2015,"Lupinus bicolor ",5,"NAF","Angelo"
"654",654,"C",24,2002,"Lupinus bicolor ",1,"NAF","Angelo"
"655",655,"C",24,2009,"Lupinus bicolor ",4,"NAF","Angelo"
"656",656,"C",24,2010,"Lupinus bicolor ",7,"NAF","Angelo"
"657",657,"C",24,2013,"Lupinus bicolor ",3,"NAF","Angelo"
"658",658,"C",24,2014,"Lupinus bicolor ",6,"NAF","Angelo"
"659",659,"C",24,2015,"Lupinus bicolor ",20,"NAF","Angelo"
"660",660,"C",28,2002,"Lupinus bicolor ",6,"NAF","Angelo"
"661",661,"C",28,2003,"Lupinus bicolor ",3,"NAF","Angelo"
"662",662,"C",28,2007,"Lupinus bicolor ",6,"NAF","Angelo"
"663",663,"C",28,2008,"Lupinus bicolor ",28,"NAF","Angelo"
"664",664,"C",28,2009,"Lupinus bicolor ",2,"NAF","Angelo"
"665",665,"C",28,2010,"Lupinus bicolor ",13,"NAF","Angelo"
"666",666,"C",28,2013,"Lupinus bicolor ",2,"NAF","Angelo"
"667",667,"C",28,2015,"Lupinus bicolor ",3,"NAF","Angelo"
"668",668,"C",33,2008,"Lupinus bicolor ",3,"NAF","Angelo"
"669",669,"C",33,2009,"Lupinus bicolor ",4,"NAF","Angelo"
"670",670,"C",33,2010,"Lupinus bicolor ",2,"NAF","Angelo"
"671",671,"C",33,2015,"Lupinus bicolor ",8,"NAF","Angelo"
"672",672,"C",6,2003,"Galium parisiense ",22,"EAF","Angelo"
"673",673,"C",6,2004,"Galium parisiense ",11,"EAF","Angelo"
"674",674,"C",6,2005,"Galium parisiense ",35,"EAF","Angelo"
"675",675,"C",6,2007,"Galium parisiense ",19,"EAF","Angelo"
"676",676,"C",6,2008,"Galium parisiense ",9,"EAF","Angelo"
"677",677,"C",6,2009,"Galium parisiense ",4,"EAF","Angelo"
"678",678,"C",6,2010,"Galium parisiense ",9,"EAF","Angelo"
"679",679,"C",6,2011,"Galium parisiense ",13,"EAF","Angelo"
"680",680,"C",6,2012,"Galium parisiense ",3,"EAF","Angelo"
"681",681,"C",6,2013,"Galium parisiense ",4,"EAF","Angelo"
"682",682,"C",6,2014,"Galium parisiense ",26,"EAF","Angelo"
"683",683,"C",6,2015,"Galium parisiense ",15,"EAF","Angelo"
"684",684,"C",17,2002,"Galium parisiense ",1,"EAF","Angelo"
"685",685,"C",17,2003,"Galium parisiense ",14,"EAF","Angelo"
"686",686,"C",17,2004,"Galium parisiense ",9,"EAF","Angelo"
"687",687,"C",17,2005,"Galium parisiense ",26,"EAF","Angelo"
"688",688,"C",17,2007,"Galium parisiense ",26,"EAF","Angelo"
"689",689,"C",17,2008,"Galium parisiense ",17,"EAF","Angelo"
"690",690,"C",17,2009,"Galium parisiense ",3,"EAF","Angelo"
"691",691,"C",17,2010,"Galium parisiense ",7,"EAF","Angelo"
"692",692,"C",17,2011,"Galium parisiense ",11,"EAF","Angelo"
"693",693,"C",17,2012,"Galium parisiense ",1,"EAF","Angelo"
"694",694,"C",17,2013,"Galium parisiense ",1,"EAF","Angelo"
"695",695,"C",17,2014,"Galium parisiense ",22,"EAF","Angelo"
"696",696,"C",17,2015,"Galium parisiense ",23,"EAF","Angelo"
"697",697,"C",24,2002,"Galium parisiense ",2,"EAF","Angelo"
"698",698,"C",24,2003,"Galium parisiense ",16,"EAF","Angelo"
"699",699,"C",24,2004,"Galium parisiense ",7,"EAF","Angelo"
"700",700,"C",24,2005,"Galium parisiense ",13,"EAF","Angelo"
"701",701,"C",24,2007,"Galium parisiense ",12,"EAF","Angelo"
"702",702,"C",24,2008,"Galium parisiense ",4,"EAF","Angelo"
"703",703,"C",24,2011,"Galium parisiense ",11,"EAF","Angelo"
"704",704,"C",24,2013,"Galium parisiense ",2,"EAF","Angelo"
"705",705,"C",24,2014,"Galium parisiense ",17,"EAF","Angelo"
"706",706,"C",24,2015,"Galium parisiense ",15,"EAF","Angelo"
"707",707,"C",28,2003,"Galium parisiense ",4,"EAF","Angelo"
"708",708,"C",28,2004,"Galium parisiense ",3,"EAF","Angelo"
"709",709,"C",28,2005,"Galium parisiense ",9,"EAF","Angelo"
"710",710,"C",28,2007,"Galium parisiense ",9,"EAF","Angelo"
"711",711,"C",28,2008,"Galium parisiense ",7,"EAF","Angelo"
"712",712,"C",28,2009,"Galium parisiense ",1,"EAF","Angelo"
"713",713,"C",28,2010,"Galium parisiense ",3,"EAF","Angelo"
"714",714,"C",28,2011,"Galium parisiense ",16,"EAF","Angelo"
"715",715,"C",28,2012,"Galium parisiense ",2,"EAF","Angelo"
"716",716,"C",28,2013,"Galium parisiense ",2,"EAF","Angelo"
"717",717,"C",28,2014,"Galium parisiense ",15,"EAF","Angelo"
"718",718,"C",28,2015,"Galium parisiense ",19,"EAF","Angelo"
"719",719,"C",33,2002,"Galium parisiense ",1,"EAF","Angelo"
"720",720,"C",33,2003,"Galium parisiense ",12,"EAF","Angelo"
"721",721,"C",33,2004,"Galium parisiense ",15,"EAF","Angelo"
"722",722,"C",33,2005,"Galium parisiense ",37,"EAF","Angelo"
"723",723,"C",33,2007,"Galium parisiense ",17,"EAF","Angelo"
"724",724,"C",33,2008,"Galium parisiense ",5,"EAF","Angelo"
"725",725,"C",33,2009,"Galium parisiense ",3,"EAF","Angelo"
"726",726,"C",33,2010,"Galium parisiense ",9,"EAF","Angelo"
"727",727,"C",33,2011,"Galium parisiense ",14,"EAF","Angelo"
"728",728,"C",33,2012,"Galium parisiense ",4,"EAF","Angelo"
"729",729,"C",33,2013,"Galium parisiense ",2,"EAF","Angelo"
"730",730,"C",33,2014,"Galium parisiense ",9,"EAF","Angelo"
"731",731,"C",33,2015,"Galium parisiense ",17,"EAF","Angelo"
"732",732,"C",6,2004,"Madia gracilis ",3,"NAF","Angelo"
"733",733,"C",6,2010,"Madia gracilis ",2,"NAF","Angelo"
"734",734,"C",6,2011,"Madia gracilis ",1,"NAF","Angelo"
"735",735,"C",17,2003,"Madia gracilis ",21,"NAF","Angelo"
"736",736,"C",17,2004,"Madia gracilis ",38,"NAF","Angelo"
"737",737,"C",17,2005,"Madia gracilis ",3,"NAF","Angelo"
"738",738,"C",17,2006,"Madia gracilis ",1,"NAF","Angelo"
"739",739,"C",17,2007,"Madia gracilis ",19,"NAF","Angelo"
"740",740,"C",17,2008,"Madia gracilis ",4,"NAF","Angelo"
"741",741,"C",17,2011,"Madia gracilis ",3,"NAF","Angelo"
"742",742,"C",24,2004,"Madia gracilis ",3,"NAF","Angelo"
"743",743,"C",24,2005,"Madia gracilis ",5,"NAF","Angelo"
"744",744,"C",24,2006,"Madia gracilis ",1,"NAF","Angelo"
"745",745,"C",24,2007,"Madia gracilis ",11,"NAF","Angelo"
"746",746,"C",24,2008,"Madia gracilis ",8,"NAF","Angelo"
"747",747,"C",24,2009,"Madia gracilis ",4,"NAF","Angelo"
"748",748,"C",28,2003,"Madia gracilis ",1,"NAF","Angelo"
"749",749,"C",28,2010,"Madia gracilis ",1,"NAF","Angelo"
"750",750,"C",28,2011,"Madia gracilis ",2,"NAF","Angelo"
"751",751,"C",33,2003,"Madia gracilis ",1,"NAF","Angelo"
"752",752,"C",33,2011,"Madia gracilis ",1,"NAF","Angelo"
"753",753,"C",6,2008,"Hypochaeris glabra ",2,"EAF","Angelo"
"754",754,"C",6,2009,"Hypochaeris glabra ",4,"EAF","Angelo"
"755",755,"C",6,2010,"Hypochaeris glabra ",15,"EAF","Angelo"
"756",756,"C",6,2011,"Hypochaeris glabra ",6,"EAF","Angelo"
"757",757,"C",6,2012,"Hypochaeris glabra ",1,"EAF","Angelo"
"758",758,"C",6,2013,"Hypochaeris glabra ",4,"EAF","Angelo"
"759",759,"C",6,2014,"Hypochaeris glabra ",1,"EAF","Angelo"
"760",760,"C",6,2015,"Hypochaeris glabra ",20,"EAF","Angelo"
"761",761,"C",17,2009,"Hypochaeris glabra ",8,"EAF","Angelo"
"762",762,"C",17,2010,"Hypochaeris glabra ",19,"EAF","Angelo"
"763",763,"C",17,2011,"Hypochaeris glabra ",13,"EAF","Angelo"
"764",764,"C",17,2013,"Hypochaeris glabra ",6,"EAF","Angelo"
"765",765,"C",17,2014,"Hypochaeris glabra ",8,"EAF","Angelo"
"766",766,"C",17,2015,"Hypochaeris glabra ",14,"EAF","Angelo"
"767",767,"C",24,2003,"Hypochaeris glabra ",3,"EAF","Angelo"
"768",768,"C",24,2008,"Hypochaeris glabra ",3,"EAF","Angelo"
"769",769,"C",24,2009,"Hypochaeris glabra ",5,"EAF","Angelo"
"770",770,"C",24,2010,"Hypochaeris glabra ",16,"EAF","Angelo"
"771",771,"C",24,2011,"Hypochaeris glabra ",6,"EAF","Angelo"
"772",772,"C",24,2013,"Hypochaeris glabra ",1,"EAF","Angelo"
"773",773,"C",24,2015,"Hypochaeris glabra ",20,"EAF","Angelo"
"774",774,"C",28,2002,"Hypochaeris glabra ",1,"EAF","Angelo"
"775",775,"C",28,2003,"Hypochaeris glabra ",6,"EAF","Angelo"
"776",776,"C",28,2004,"Hypochaeris glabra ",8,"EAF","Angelo"
"777",777,"C",28,2005,"Hypochaeris glabra ",18,"EAF","Angelo"
"778",778,"C",28,2006,"Hypochaeris glabra ",7,"EAF","Angelo"
"779",779,"C",28,2007,"Hypochaeris glabra ",18,"EAF","Angelo"
"780",780,"C",28,2008,"Hypochaeris glabra ",12,"EAF","Angelo"
"781",781,"C",28,2009,"Hypochaeris glabra ",14,"EAF","Angelo"
"782",782,"C",28,2010,"Hypochaeris glabra ",17,"EAF","Angelo"
"783",783,"C",28,2011,"Hypochaeris glabra ",5,"EAF","Angelo"
"784",784,"C",28,2012,"Hypochaeris glabra ",2,"EAF","Angelo"
"785",785,"C",28,2013,"Hypochaeris glabra ",4,"EAF","Angelo"
"786",786,"C",28,2014,"Hypochaeris glabra ",5,"EAF","Angelo"
"787",787,"C",28,2015,"Hypochaeris glabra ",22,"EAF","Angelo"
"788",788,"C",33,2002,"Hypochaeris glabra ",1,"EAF","Angelo"
"789",789,"C",33,2005,"Hypochaeris glabra ",1,"EAF","Angelo"
"790",790,"C",33,2010,"Hypochaeris glabra ",11,"EAF","Angelo"
"791",791,"C",33,2014,"Hypochaeris glabra ",7,"EAF","Angelo"
"792",792,"C",33,2015,"Hypochaeris glabra ",16,"EAF","Angelo"
"793",793,"C",6,2002,"Castilleja attenuata ",2,"NAF","Angelo"
"794",794,"C",6,2003,"Castilleja attenuata ",2,"NAF","Angelo"
"795",795,"C",6,2004,"Castilleja attenuata ",2,"NAF","Angelo"
"796",796,"C",6,2010,"Castilleja attenuata ",1,"NAF","Angelo"
"797",797,"C",6,2015,"Castilleja attenuata ",1,"NAF","Angelo"
"798",798,"C",17,2002,"Castilleja attenuata ",2,"NAF","Angelo"
"799",799,"C",17,2003,"Castilleja attenuata ",2,"NAF","Angelo"
"800",800,"C",17,2009,"Castilleja attenuata ",1,"NAF","Angelo"
"801",801,"C",24,2002,"Castilleja attenuata ",1,"NAF","Angelo"
"802",802,"C",24,2003,"Castilleja attenuata ",3,"NAF","Angelo"
"803",803,"C",24,2005,"Castilleja attenuata ",5,"NAF","Angelo"
"804",804,"C",24,2008,"Castilleja attenuata ",2,"NAF","Angelo"
"805",805,"C",24,2009,"Castilleja attenuata ",7,"NAF","Angelo"
"806",806,"C",24,2010,"Castilleja attenuata ",4,"NAF","Angelo"
"807",807,"C",24,2015,"Castilleja attenuata ",2,"NAF","Angelo"
"808",808,"C",28,2002,"Castilleja attenuata ",5,"NAF","Angelo"
"809",809,"C",28,2009,"Castilleja attenuata ",1,"NAF","Angelo"
"810",810,"C",28,2015,"Castilleja attenuata ",2,"NAF","Angelo"
"811",811,"C",33,2007,"Aphanes occidentalis ",1,"NAF","Angelo"
"812",812,"C",6,2004,"Linanthus bicolor ",1,"NAF","Angelo"
"813",813,"C",28,2010,"Linanthus bicolor ",1,"NAF","Angelo"
"814",814,"C",28,2011,"Linanthus bicolor ",2,"NAF","Angelo"
"815",815,"C",33,2003,"Linanthus bicolor ",2,"NAF","Angelo"
"816",816,"C",6,2002,"Trichostema lanceolatum ",1,"NAF","Angelo"
"817",817,"C",6,2003,"Trichostema lanceolatum ",5,"NAF","Angelo"
"818",818,"C",6,2004,"Trichostema lanceolatum ",6,"NAF","Angelo"
"819",819,"C",6,2007,"Trichostema lanceolatum ",9,"NAF","Angelo"
"820",820,"C",6,2008,"Trichostema lanceolatum ",1,"NAF","Angelo"
"821",821,"C",6,2010,"Trichostema lanceolatum ",1,"NAF","Angelo"
"822",822,"C",17,2005,"Trichostema lanceolatum ",1,"NAF","Angelo"
"823",823,"C",24,2002,"Trichostema lanceolatum ",1,"NAF","Angelo"
"824",824,"C",24,2005,"Trichostema lanceolatum ",3,"NAF","Angelo"
"825",825,"C",24,2010,"Trichostema lanceolatum ",4,"NAF","Angelo"
"826",826,"C",28,2010,"Trichostema lanceolatum ",2,"NAF","Angelo"
"827",827,"C",33,2003,"Trichostema lanceolatum ",4,"NAF","Angelo"
"828",828,"C",33,2006,"Trichostema lanceolatum ",1,"NAF","Angelo"
"829",829,"C",33,2007,"Trichostema lanceolatum ",2,"NAF","Angelo"
"830",830,"C",33,2010,"Trichostema lanceolatum ",1,"NAF","Angelo"
"831",831,"C",33,2014,"Trichostema lanceolatum ",3,"NAF","Angelo"
"832",832,"C",6,2012,"Eremocarpus setigerus ",1,"NAF","Angelo"
"833",833,"C",28,2007,"Eremocarpus setigerus ",1,"NAF","Angelo"
"834",834,"C",33,2009,"Eremocarpus setigerus ",1,"NAF","Angelo"
"835",835,"C",33,2004,"Geranium dissectum ",7,"EAF","Angelo"
"836",836,"C",17,2002,"Epilobium brachycarpum ",7,"NAF","Angelo"
"837",837,"C",17,2003,"Epilobium brachycarpum ",2,"NAF","Angelo"
"838",838,"C",24,2002,"Epilobium brachycarpum ",4,"NAF","Angelo"
"839",839,"C",24,2003,"Epilobium brachycarpum ",2,"NAF","Angelo"
"840",840,"C",24,2004,"Epilobium brachycarpum ",3,"NAF","Angelo"
"841",841,"C",28,2002,"Epilobium brachycarpum ",1,"NAF","Angelo"
"842",842,"C",33,2002,"Epilobium brachycarpum ",3,"NAF","Angelo"
"843",843,"C",33,2003,"Epilobium brachycarpum ",3,"NAF","Angelo"
"844",844,"C",33,2004,"Epilobium brachycarpum ",3,"NAF","Angelo"
"845",845,"C",6,2002,"Clarkia purpurea ",2,"NAF","Angelo"
"846",846,"C",6,2006,"Clarkia purpurea ",2,"NAF","Angelo"
"847",847,"C",6,2008,"Clarkia purpurea ",2,"NAF","Angelo"
"848",848,"C",6,2010,"Clarkia purpurea ",4,"NAF","Angelo"
"849",849,"C",6,2011,"Clarkia purpurea ",1,"NAF","Angelo"
"850",850,"C",6,2013,"Clarkia purpurea ",4,"NAF","Angelo"
"851",851,"C",6,2015,"Clarkia purpurea ",4,"NAF","Angelo"
"852",852,"C",17,2003,"Clarkia purpurea ",4,"NAF","Angelo"
"853",853,"C",17,2007,"Clarkia purpurea ",3,"NAF","Angelo"
"854",854,"C",17,2008,"Clarkia purpurea ",7,"NAF","Angelo"
"855",855,"C",17,2009,"Clarkia purpurea ",1,"NAF","Angelo"
"856",856,"C",17,2010,"Clarkia purpurea ",4,"NAF","Angelo"
"857",857,"C",17,2013,"Clarkia purpurea ",5,"NAF","Angelo"
"858",858,"C",17,2015,"Clarkia purpurea ",3,"NAF","Angelo"
"859",859,"C",24,2007,"Clarkia purpurea ",1,"NAF","Angelo"
"860",860,"C",24,2009,"Clarkia purpurea ",1,"NAF","Angelo"
"861",861,"C",24,2010,"Clarkia purpurea ",2,"NAF","Angelo"
"862",862,"C",24,2011,"Clarkia purpurea ",2,"NAF","Angelo"
"863",863,"C",24,2013,"Clarkia purpurea ",1,"NAF","Angelo"
"864",864,"C",24,2015,"Clarkia purpurea ",1,"NAF","Angelo"
"865",865,"C",28,2007,"Clarkia purpurea ",4,"NAF","Angelo"
"866",866,"C",28,2009,"Clarkia purpurea ",1,"NAF","Angelo"
"867",867,"C",28,2010,"Clarkia purpurea ",5,"NAF","Angelo"
"868",868,"C",28,2011,"Clarkia purpurea ",5,"NAF","Angelo"
"869",869,"C",28,2012,"Clarkia purpurea ",2,"NAF","Angelo"
"870",870,"C",28,2013,"Clarkia purpurea ",3,"NAF","Angelo"
"871",871,"C",28,2014,"Clarkia purpurea ",6,"NAF","Angelo"
"872",872,"C",28,2015,"Clarkia purpurea ",3,"NAF","Angelo"
"873",873,"C",33,2006,"Clarkia purpurea ",1,"NAF","Angelo"
"874",874,"C",33,2009,"Clarkia purpurea ",2,"NAF","Angelo"
"875",875,"C",33,2010,"Clarkia purpurea ",2,"NAF","Angelo"
"876",876,"C",33,2013,"Clarkia purpurea ",2,"NAF","Angelo"
"877",877,"C",6,2005,"Plagiobothrys nothofulvus ",1,"NAF","Angelo"
"878",878,"C",6,2009,"Plagiobothrys nothofulvus ",1,"NAF","Angelo"
"879",879,"C",6,2010,"Plagiobothrys nothofulvus ",5,"NAF","Angelo"
"880",880,"C",6,2011,"Plagiobothrys nothofulvus ",2,"NAF","Angelo"
"881",881,"C",6,2013,"Plagiobothrys nothofulvus ",1,"NAF","Angelo"
"882",882,"C",6,2014,"Plagiobothrys nothofulvus ",9,"NAF","Angelo"
"883",883,"C",6,2015,"Plagiobothrys nothofulvus ",4,"NAF","Angelo"
"884",884,"C",17,2008,"Plagiobothrys nothofulvus ",6,"NAF","Angelo"
"885",885,"C",17,2010,"Plagiobothrys nothofulvus ",3,"NAF","Angelo"
"886",886,"C",17,2011,"Plagiobothrys nothofulvus ",2,"NAF","Angelo"
"887",887,"C",17,2013,"Plagiobothrys nothofulvus ",4,"NAF","Angelo"
"888",888,"C",17,2014,"Plagiobothrys nothofulvus ",5,"NAF","Angelo"
"889",889,"C",17,2015,"Plagiobothrys nothofulvus ",5,"NAF","Angelo"
"890",890,"C",24,2010,"Plagiobothrys nothofulvus ",2,"NAF","Angelo"
"891",891,"C",24,2013,"Plagiobothrys nothofulvus ",1,"NAF","Angelo"
"892",892,"C",24,2014,"Plagiobothrys nothofulvus ",5,"NAF","Angelo"
"893",893,"C",24,2015,"Plagiobothrys nothofulvus ",5,"NAF","Angelo"
"894",894,"C",28,2008,"Plagiobothrys nothofulvus ",3,"NAF","Angelo"
"895",895,"C",28,2010,"Plagiobothrys nothofulvus ",6,"NAF","Angelo"
"896",896,"C",28,2014,"Plagiobothrys nothofulvus ",8,"NAF","Angelo"
"897",897,"C",28,2015,"Plagiobothrys nothofulvus ",6,"NAF","Angelo"
"898",898,"C",33,2005,"Plagiobothrys nothofulvus ",1,"NAF","Angelo"
"899",899,"C",33,2007,"Plagiobothrys nothofulvus ",4,"NAF","Angelo"
"900",900,"C",33,2008,"Plagiobothrys nothofulvus ",5,"NAF","Angelo"
"901",901,"C",33,2009,"Plagiobothrys nothofulvus ",3,"NAF","Angelo"
"902",902,"C",33,2010,"Plagiobothrys nothofulvus ",4,"NAF","Angelo"
"903",903,"C",33,2011,"Plagiobothrys nothofulvus ",2,"NAF","Angelo"
"904",904,"C",33,2013,"Plagiobothrys nothofulvus ",8,"NAF","Angelo"
"905",905,"C",33,2014,"Plagiobothrys nothofulvus ",8,"NAF","Angelo"
"906",906,"C",33,2015,"Plagiobothrys nothofulvus ",4,"NAF","Angelo"
"907",907,"C",6,2014,"Cerastium glomeratum ",3,"EAF","Angelo"
"908",908,"C",28,2002,"Cerastium glomeratum ",1,"EAF","Angelo"
"909",909,"C",6,2011,"Erodium cicutarium ",3,"EAF","Angelo"
"910",910,"C",6,2013,"Erodium cicutarium ",2,"EAF","Angelo"
"911",911,"C",6,2014,"Erodium cicutarium ",9,"EAF","Angelo"
"912",912,"C",17,2008,"Erodium cicutarium ",1,"EAF","Angelo"
"913",913,"C",17,2009,"Erodium cicutarium ",6,"EAF","Angelo"
"914",914,"C",17,2010,"Erodium cicutarium ",12,"EAF","Angelo"
"915",915,"C",17,2011,"Erodium cicutarium ",4,"EAF","Angelo"
"916",916,"C",17,2013,"Erodium cicutarium ",6,"EAF","Angelo"
"917",917,"C",17,2014,"Erodium cicutarium ",10,"EAF","Angelo"
"918",918,"C",24,2007,"Erodium cicutarium ",2,"EAF","Angelo"
"919",919,"C",24,2008,"Erodium cicutarium ",3,"EAF","Angelo"
"920",920,"C",24,2009,"Erodium cicutarium ",9,"EAF","Angelo"
"921",921,"C",24,2010,"Erodium cicutarium ",6,"EAF","Angelo"
"922",922,"C",24,2011,"Erodium cicutarium ",6,"EAF","Angelo"
"923",923,"C",24,2013,"Erodium cicutarium ",3,"EAF","Angelo"
"924",924,"C",24,2014,"Erodium cicutarium ",12,"EAF","Angelo"
"925",925,"C",28,2009,"Erodium cicutarium ",3,"EAF","Angelo"
"926",926,"C",28,2010,"Erodium cicutarium ",3,"EAF","Angelo"
"927",927,"C",28,2011,"Erodium cicutarium ",3,"EAF","Angelo"
"928",928,"C",28,2013,"Erodium cicutarium ",2,"EAF","Angelo"
"929",929,"C",28,2014,"Erodium cicutarium ",4,"EAF","Angelo"
"930",930,"C",33,2003,"Erodium cicutarium ",2,"EAF","Angelo"
"931",931,"C",33,2007,"Erodium cicutarium ",8,"EAF","Angelo"
"932",932,"C",33,2008,"Erodium cicutarium ",7,"EAF","Angelo"
"933",933,"C",33,2009,"Erodium cicutarium ",6,"EAF","Angelo"
"934",934,"C",33,2010,"Erodium cicutarium ",8,"EAF","Angelo"
"935",935,"C",33,2011,"Erodium cicutarium ",13,"EAF","Angelo"
"936",936,"C",33,2013,"Erodium cicutarium ",7,"EAF","Angelo"
"937",937,"C",33,2014,"Erodium cicutarium ",16,"EAF","Angelo"
"938",938,"C",6,2005,"Cerastium glomeratum ",2,"EAF","Angelo"
"939",939,"C",17,2008,"Cerastium glomeratum ",1,"EAF","Angelo"
"940",940,"C",17,2010,"Cerastium glomeratum ",1,"EAF","Angelo"
"941",941,"C",28,2003,"Cerastium glomeratum ",1,"EAF","Angelo"
"942",942,"C",28,2004,"Cerastium glomeratum ",1,"EAF","Angelo"
"943",943,"C",17,2007,"Hemizonia congesta ",12,"NAF","Angelo"
