family,common family name,letter code_4,letter code_6,SCIENTIFIC NAME,GENUS,SPECIES,SUBSPECIES/VARIETY,SYNONYM,NewCode,COMMON NAME,sink,salt,grass,desert,juniper,oak,seep,form,soda,central,western,mountain,elkhorn,teblor,flowering months,flower color,native?,gkr prefer?,reference code,comments,newform
NYCTAGINACEAE,FOUR O'CLOCK FAMILY,abpo,abrpog,Abronia pogonantha,Abronia,pogonantha,,,abrpog,Mojave sand verbena,,,,x,,,,h,,,,,x,,06-May,p,n,,h,,nh
LAMIACEAE,MINT FAMILY,acob,acaobo,Acanthomintha obovata ssp cordata,Acanthomintha,obovata,cordata,,acaobo,,,,,,,,,nh,,,,,,,,,n,,"b,dk",,nh
ASTERACEAE,SUNFLOWER FAMILY,acmi,achmil,Achillea millefolium,Achillea,millefolium,,,achmil,yarrow,,,x,,,,,h,,x,,,x,,09-Jun,w,n,,t,,nh
ASTERACEAE,SUNFLOWER FAMILY,acmo,achmol,Achyrachaena mollis,Achyrachaena,mollis,,,achmol,blow-wives,,,x,,,,,h,,x,,,x,,04-Mar,y,n,,t,,nh
POACEAE (GRAMINEAE),GRASS FAMILY,acsp,achspe,Achnatherum speciosum,Achnatherum,speciosum,,,achspe,desert needlegrass,,,,x,x,,,pg,,,x,,x,,07-May,,n,,t,,npg
PTERIDACEAE,BRAKE FAMILY,adjo,adijor,Adiantum jordanii,Adiantum,jordanii,,,adijor,California maiden-hair,,,,,,,,f,,,,,,,,,n,,v,,nf
ASTERACEAE,SUNFLOWER FAMILY,aghe,agohet,Agoseris heterophylla,Agoseris,heterophylla,,,agohet,,,,,,,,,nh,,,,,,,,,n,,"b,dk",,nh
ASTERACEAE,SUNFLOWER FAMILY,agre,agoret,Agoseris retrorsa,Agoseris,retrorsa,,,agoret,,,,x,,,,,p,,x,,,x,,06-Apr,y,n,,h,,np
SIMAROUBACEAE,SIMAROUBA FAMILY,aial,ailalt,Ailanthus altissimaro,Ailanthus,altissimaro,,,ailalt,tree of heaven,,,,,,,,t,,,,,,,,,i,,v,,it
LILIACEAE (AMARYLLIDACEAE),LILY FAMILY,alhoho,alhoho,Allium howellii v howellii,Allium,howellii,howellii,,alhoho,,,,,,,,,np,,,,,,,,,n,,"b,cs",,np
LILIACEAE (AMARYLLIDACEAE),LILY FAMILY,alcr,allcri,Allium crispum,Allium,crispum,,,allcri,crinkled purple onion,,,,x,,,,p,,,,,,x,05-Apr,p,n,,t,,np
LILIACEAE (AMARYLLIDACEAE),LILY FAMILY,alfi,allfim,Allium fimbriatum,Allium,fimbriatum,,,allfim,wild onion,,,,x,,,,p,,,,,,,06-May,p,n,,s,,np
POLYGONACEAE,BUCKWHEAT FAMILY,algi,allgil,Allophyllum gilioides,Allophyllum,gilioides,,,allgil,,,,,,,,,nh,,,,,,,,,n,,b,,nh
LILIACEAE (AMARYLLIDACEAE),LILY FAMILY,alho,allhow,Allium howellii,Allium,howellii,,,allhow,Howell's onion,,,,x,,,,p,,,,,,x,06-May,w,n,,t,,np
LILIACEAE (AMARYLLIDACEAE),LILY FAMILY,allium,allium,Allium sp.,Allium,sp.,,,allium,,,,,,,,,p,,,,,,,,,n,,,,np
LILIACEAE (AMARYLLIDACEAE),LILY FAMILY,alla,alllac,Allium lacunosum,Allium,lacunosum,,,alllac,pitted onion,,,C,C,x,,,p,,,C,,C,,06-May,w,n,,h,,np
CHENOPODIACEAE,GOOSEFOOT FAMILY,aloc,allocc,Allenrolfea occidentalis,Allenrolfea,occidentalis,,,allocc,iodine bush,C,,,,,,,s,C,,,,,,07-Jan,,n,,t,,ns
LILIACEAE (AMARYLLIDACEAE),LILY FAMILY,alpe,allpen,Allium peninsulare,Allium,peninsulare,,,allpen,purple wild onion,,,,x,,,,p,,,,,,x,06-Apr,r,n,,h,,np
POACEAE (GRAMINEAE),GRASS FAMILY,alsa,alosac,Alopecurus saccatus,Alopecurus,saccatus,,,alosac,,,,,,,,,na,,,,,,,,,n,,dk,,na
AMARANTHACEAE,PIGWEED FAMILY,amal,amaalb,Amaranthus albus,Amaranthus,albus,,,amaalb,tumbleweed,,,x,,,,,h,,x,,,,,10-Jun,,i,,t,,ih
ASTERACEAE,SUNFLOWER FAMILY,amac,ambaca,Ambrosia acanthicarpa,Ambrosia,acanthicarpa,,,ambaca,annual bur-sage,,,x,,,,,h,,x,,,,,10-Sep,,n,,k,,nh
BORAGINACEAE,BORAGE FAMILY,ammein,ammein,Amsinckia menziesii v intermedia,Amsinckia,menziesii,intermedia,,ammein,rancher's fireweed,,x,C,C,C,,,h,x,C,C,,,,05-Mar,o,n,,t,,nh
BORAGINACEAE,BORAGE FAMILY,ammeme,ammeme,Amsinckia menziesii v menziesii,Amsinckia,menziesii,menziesii,,ammeme,rancher's fireweed,,,x,,,,,h,,x,,,,,05-Mar,y,n,,t,,nh
BORAGINACEAE,BORAGE FAMILY,amdo,amsdou,Amsinckia douglasiana,Amsinckia,douglasiana,,,amsdou,fiddleneck,,,,C,C,,,h,,,C,,C,C,06-May,y,n,,t,,nh
BORAGINACEAE,BORAGE FAMILY,amly,amslyc,Amsinckia lycopsoides,Amsinckia,lycopsoides,,,amslyc,fiddleneck,,,x,,,,,h,,x,,,,,06-Mar,y,n,,h,,nh
BORAGINACEAE,BORAGE FAMILY,amte,amstes,Amsinckia tessellata,Amsinckia,tessellata,,,amstes,devil's lettuce,,,,x,,,,h,,,,,,x,05-Mar,y,n,,t,,nh
BORAGINACEAE,BORAGE FAMILY,amvefu,amvefu,Amsinckia vernicosa v furcata*,Amsinckia,vernicosa,furcata,,amvefu,forked fiddleneck. rare,,,,x,,,,h,,,,x,x,,05-Mar,o,n,,h,,nh
BORAGINACEAE,BORAGE FAMILY,amveve,amveve,Amsinckia vernicosa v vernicosa,Amsinckia,vernicosa,vernicosa,,amveve,,,,,,,,,nh,,,,,,,,,n,,"b,f",,nh
ASTERACEAE,SUNFLOWER FAMILY,anfi,ancfil,Ancistrocarphus filagineus (Stylocline f.),Ancistrocarphus,filagineus,,Stylocline filagineus,ancfil,woolly fishhooks,,,,,,,,h,,,,,,,05-Apr,,n,,n,,nh
PRIMULACEAE,PRIMROSE FAMILY,anel,andelo,Androsace elongata ssp acuta,Androsace,elongata,acuta,,andelo,rock jasmine,,,,x,,,,h,,,,,,x,05-Mar,w,n,,h,,nh
ASTERACEAE,SUNFLOWER FAMILY,anac,aniaca,Anisocoma acaulis,Anisocoma,acaulis,,,aniaca,,,,,,,,,h,,,,x,,,,,n,,h,,nh
ASTERACEAE,SUNFLOWER FAMILY,anco,antcot,Anthemis cotula,Anthemis,cotula,,,antcot,,,,,,,,,ih,,,,,,,,,i,,s,,ih
SCROPHULARIACEAE,FIGWORT FAMILY,anov,antova,Antirrhinum ovatum*,Antirrhinum,ovatum,,,antova,oval-leaved snapdragon. rare,,,,x,,,,h,,,,x,,,06-May,p,n,,h,,nh
BRASSICACEAE,MUSTARD FAMILY,arpu,arapul,Arabis pulchra,Arabis,pulchra,,,arapul,desert rock cress,,,,x,,,,p,,,,x,,,06-Apr,p,n,,h,,np
ASTERACEAE,SUNFLOWER FAMILY,arca,artcal,Artemisia californica,Artemisia,californica,,,artcal,California sagebrush,,,,C,C,x,,s,,,C,,,,10-Sep,,n,,t,,ns
ASTERACEAE,SUNFLOWER FAMILY,ardo,artdou,Artemisia douglasiana,Artemisia,douglasiana,,,artdou,mugwort,,,,,,,x,p,,,,,,,10-Jul,,n,,v,,np
ASTERACEAE,SUNFLOWER FAMILY,ardr,artdra,Artemisia dracunculus,Artemisia,dracunculus,,,artdra,,,,,,,,,np,,,,,,,,,n,,"b,dk",,np
ERICACEAE,HEATH FAMILY,argl,artgla,Arctostaphylos glauca,Arctostaphylos,glauca,,,artgla,bigberry manzanita,,,,,x,x,,s,,,,x,,,03-Nov,w,n,,t,,ns
APIACEAE,CARROT FAMILY,erar,aryari,Eryngium aristulatum v hooveri,Eryngium,aristulatum,hooveri,,aryari,,,,,,,,,np,,,,,,,,,n,,"b,cs",,np
ASCLEPIADACEAE,MILKWEED FAMILY,aser,ascero,Asclepias erosa,Asclepias,erosa,,,ascero,desert milkweed,,,x,,,,,h,,x,,,,,,w,n,,t,,nh
ASCLEPIADACEAE,MILKWEED FAMILY,asfa,ascfas,Asclepias fascicularis,Asclepias,fascicularis,,,ascfas,narrow-leaf milkweed,,,x,,,,,h,,x,,,,,08-Jun,w,n,,t,,nh
FABACEAE,LEGUME FAMILY (PEA FAMILY),asas,astasy,Astragalus asymmetricus,Astragalus,asymmetricus,,,astasy,horse loco,,,,x,,,,p,,,,,,x,10-Sep,w,n,,t,,np
FABACEAE,LEGUME FAMILY (PEA FAMILY),asdi,astdid,Astragalus didymocarpus,Astragalus,didymocarpus,,,astdid,two-seeded milkvetch,,,x,x,,,,h,,,,,x,,06-Mar,w,n,,t,,nh
FABACEAE,LEGUME FAMILY (PEA FAMILY),asdo,astdou,Astragalus douglasii,Astragalus,douglasii,,,astdou,,,,,,,,,np,,,,,,,,,n,,b,,np
ASTERACEAE,SUNFLOWER FAMILY,assp,aster,Aster sp.,Aster,sp.,,,aster,purple aster,,,x,,,,,h,,,x,,,x,09-Apr,p,n,,t,,nh
FABACEAE,LEGUME FAMILY (PEA FAMILY),asle,astlen,Astragalus lentiginosus v nigricalycis,Astragalus,lentiginosus,nigricalycis,,astlen,freckled milkvetch,,,C,C,C,,,p,,C,C,,C,,06-Feb,w,n,,t,,np
FABACEAE,LEGUME FAMILY (PEA FAMILY),asma,astmac,Astragalus macrodon,Astragalus,macrodon,,,astmac,Salinas milkvetch. uncommon,,,,x,,,,p,,,,,,x,06-Apr,w,n,,h,,np
FABACEAE,LEGUME FAMILY (PEA FAMILY),asox,astoxy,Astragalus oxyphysus,Astragalus,oxyphysus,,,astoxy,diablo loco,,C,C,C,x,,,p,,C,C,,C,,06-Apr,w,n,,t,,np
,,astra,astrag,Astragalus sp.,Astragalus,sp.,,,astrag,,,,,,,,,h,,,,,,,,,n,,,,nh
CHENOPODIACEAE,GOOSEFOOT FAMILY,atcaca,atcaca,Atriplex canescens ssp canescens,Atriplex,canescens,canescens,,atcaca,,,,,,,,,ns,,,,,,,,,n,,b,,ns
BRASSICACEAE,MUSTARD FAMILY,atpu,athpus,Athysanus pusillus,Athysanus,pusillus,,,athpus,,,,,x,,,,h,,,,,,x,04-Feb,w,n,,t,,nh
CHENOPODIACEAE,GOOSEFOOT FAMILY,atar,atrarg,Atriplex argentea,Atriplex,argentea,,,atrarg,silverscale,C,C,C,,,,,h,C,x,,,,,10-Jun,,n,,t,,nh
CHENOPODIACEAE,GOOSEFOOT FAMILY,atca,atrcan,Atriplex canescens,Atriplex,canescens,,,atrcan,fourwing saltbush,,,,x,,,,s,,,,,x,,10-Jul,,n,,h,,ns
CHENOPODIACEAE,GOOSEFOOT FAMILY,atco1,atrcon,Atriplex confertifolia,Atriplex,confertifolia,,,atrcon,oval-leaf saltbush,,,,x,,,,s,,,,x,,,10-Jul,,n,,j,,ns
CHENOPODIACEAE,GOOSEFOOT FAMILY,atco2,atrcor,Atriplex coronata,Atriplex,coronata,,,atrcor,crownscale,C,x,,,,,,h,C,,,,,,08-May,,n,,t,,nh
CHENOPODIACEAE,GOOSEFOOT FAMILY,atfr,atrfru,Atriplex fruticulosa,Atriplex,fruticulosa,,,atrfru,ball saltbush,,x,C,,,,,p,,C,x,,x,,11-Apr,,n,,t,,np
CHENOPODIACEAE,GOOSEFOOT FAMILY,atle,atrlen,Atriplex lentiformis,Atriplex,lentiformis,,,atrlen,big saltbush,,,,x,,,,s,,,x,,,,11-Jul,,n,,h,,ns
CHENOPODIACEAE,GOOSEFOOT FAMILY,atph,atrphy,Atriplex phyllostegia,Atriplex,phyllostegia,,,atrphy,arrowscale,,x,,,,,,h,,x,,,,,08-Apr,,n,,k,,nh
CHENOPODIACEAE,GOOSEFOOT FAMILY,atpo,atrpol,Atriplex polycarpa,Atriplex,polycarpa,,,atrpol,common saltbush,,C,,C,,,,s,,x,C,,C,,10-Jul,,n,,t,,ns
CHENOPODIACEAE,GOOSEFOOT FAMILY,atro,atrros,Atriplex rosea,Atriplex,rosea,,,atrros,tumbling oracle,,,,x,,,,h,,,x,,,,10-Jul,,i,,t,,ih
CHENOPODIACEAE,GOOSEFOOT FAMILY,atsp,atrspi,Atriplex spinifera,Atriplex,spinifera,,,atrspi,spiny saltbush,x,C,,C,,,,s,C,C,,,C,,06-Apr,,n,,t,,ns
CHENOPODIACEAE,GOOSEFOOT FAMILY,atsu,atrsub,Atriplex suberecta,Atriplex,suberecta,,,atrsub,,,,,,,,,ih,,,,,,,,,i,,b,,ih
CHENOPODIACEAE,GOOSEFOOT FAMILY,atva,atrval,Atriplex vallicola*,Atriplex,vallicola,,,atrval,Lost Hills crownscale,x,x,,,,,,h,x,,,,,,09-May,,n,,t,,nh
POACEAE (GRAMINEAE),GRASS FAMILY,avba,avebar,Avena barbata,Avena,barbata,,,avebar,slender wild oat,,x,C,C,C,,,a,,C,x,,x,,06-Apr,,i,,t,,ia
POACEAE (GRAMINEAE),GRASS FAMILY,avfa,avefat,Avena fatua,Avena,fatua,,,avefat,wild oat,,,x,,,,,a,,x,,,,,06-Mar,,i,,t,,ia
ASTERACEAE,SUNFLOWER FAMILY,bado,bacdou,Baccharis douglasii,Baccharis,douglasii,,,bacdou,,,,,,,,,ns,,,,,,,,,n,,b,,ns
ASTERACEAE,SUNFLOWER FAMILY,basa,bacsal,Baccharis salicifolia,Baccharis,salicifolia,,,bacsal,mule fat,,,x,,,,x,s,,x,,,,,most,w,n,,c,,ns
CHENOPODIACEAE,GOOSEFOOT FAMILY,bahy,bashys,Bassia hyssopifolia,Bassia,hyssopifolia,,,bashys,,,,,,,,,ih,,,,,,,,,i,,b,,ih
ASTERACEAE,SUNFLOWER FAMILY,blna,blenan,Blennosperma nanum,Blennosperma,nanum,,,blenan,,x,x,,,,,,h,x,,,,,,04-Mar,y,n,,t,,nh
ASTERACEAE,SUNFLOWER FAMILY,blpl,bleplu,Blepharizonia plumosa,Blepharizonia,plumosa,,,bleplu,big tarweed,,,x,,,,,h,,,,,,x,11-Sep,w,n,,t,,nh
LILIACEAE (AMARYLLIDACEAE),LILY FAMILY,blcr,blocro,Bloomeria crocea,Bloomeria,crocea,,,blocro,common goldenstar,,,,,,,,p,,,,x,,,,,n,,h,,np
ASTERACEAE,SUNFLOWER FAMILY,blplvi,blplvi,Blepharizonia plumosa ssp viscida,Blepharizonia,plumosa,viscida,,blplvi,,,,,,,,,nh,,,,,,,,,n,,"b,s",,nh
PTERIDACEAE,BRAKE FAMILY,boin,bowinc,Bowlesia incana,Bowlesia,incana,,,bowinc,,,,,,,,,nh,,,,,,,,,n,,f,,nh
BRASSICACEAE,MUSTARD FAMILY,brni,branig,Brassica nigra,Brassica,nigra,,,branig,black mustard,,,x,,,,,h,,x,,,,,06-Apr,y,i,,t,,ih
ASTERACEAE,SUNFLOWER FAMILY,brne,brinev,Brickellia nevinii,Brickellia,nevinii,,,brinev,Nevin's brickellbush. uncommon,,,,,,,,s,,,,x,,,,,n,,h,,ns
POACEAE (GRAMINEAE),GRASS FAMILY,brar,broare,Bromus arenarius,Bromus,arenarius,,,broare,Australian brome,,,x,,,,,a,,x,,,,,07-Apr,,i,,k,,ia
POACEAE (GRAMINEAE),GRASS FAMILY,brdi,brodia,Bromus diandrus,Bromus,diandrus,,,brodia,ripgut grass,,,x,,,,,a,,,x,,,,06-Apr,,i,,t,,ia
POACEAE (GRAMINEAE),GRASS FAMILY,brho,brohor,Bromus hordeaceus (B. mollis),Bromus,hordeaceus,,Bromus mollis,brohor,soft chess,C,C,C,C,C,x,,a,C,C,C,C,C,C,07-Apr,,i,,t,,ia
POACEAE (GRAMINEAE),GRASS FAMILY,brma,bromad,Bromus madritensis ssp rubens (B. rubens),Bromus,madritensis,rubens,Bromus rubens,bromad,red brome,C,C,C,C,C,C,,a,C,C,C,C,C,C,06-Mar,,i,y,t,,ia
POACEAE (GRAMINEAE),GRASS FAMILY,bromus,bromus,Bromus sp.,Bromus,sp.,,,bromus,brome,,,,,,,,a,,,,,,,,,i,,,,ia
POACEAE (GRAMINEAE),GRASS FAMILY,brte,brotec,Bromus tectorum,Bromus,tectorum,,,brotec,,,,,,,,,a,,,,,,,,,i,,"b,dk",,ia
POACEAE (GRAMINEAE),GRASS FAMILY,brtr,brotri,Bromus trinii,Bromus,trinii,,,brotri,Chilean chess,,,,,,,,a,,,,,,,05-Mar,,i,,t,,ia
PORTULACACEAE,PURSLANE FAMILY,caci,calcil,Calandrinia ciliata,Calandrinia,ciliata,,,calmen,red maids,,,C,C,x,,,h,,x,C,,x,,05-Feb,r,n,y,t,,nh
LILIACEAE (AMARYLLIDACEAE),LILY FAMILY,cacl,calcla,Calochortus clavatus ssp pallidus,Calochortus,clavatus,pallidus,,calcla,yellow mariposa,,,,,x,x,,p,,,,x,,,07-Apr,y,n,,h,,np
CALLITRICHACEAE,WATER-STARWORT FAMILY,cama,calmar,Callitriche marginata,Callitriche,marginata,,,calmar,water starwort,,,,,,,x,h,,,,,,,05-Mar,,n,,h,,nh
PORTULACACEAE,PURSLANE FAMILY,camo,calmon,Calyptridium monandrum,Calyptridium,monandrum,,,calmon,pussy paws,,,x,,,,,h,,,x,,,,,,n,,r,,nh
LILIACEAE (AMARYLLIDACEAE),LILY FAMILY,casp,calspl,Calochortus splendens,Calochortus,splendens,,,calspl,mariposa lily,,,,x,,,,p,,,,x,,,07-May,p,n,,h,,np
LILIACEAE (AMARYLLIDACEAE),LILY FAMILY,cave,calven,Calochortus venustus,Calochortus,venustus,,,calven,butterfly mariposa,,,,x,,,,p,,,,x,,,07-Apr,p,n,,h,,np
ONAGRACEAE,EVENING PRIMROSE FAMILY,cabo,camboo,Camissonia boothii ssp decorticans,Camissonia,boothii,decorticans,,camboo,shredding evening primrose,,,,x,,,,h,,,,,x,,06-Apr,w,n,,t,,nh
ONAGRACEAE,EVENING PRIMROSE FAMILY,caca1,camcal,Camissonia californica,Camissonia,californica,,,camcal,,,,,,,,,nh,,,,,,,,,n,,"b,dk",,nh
ONAGRACEAE,EVENING PRIMROSE FAMILY,caca2,camcam,Camissonia campestris,Camissonia,campestris,,,camcam,Mojave sun cup,,,C,C,,,,h,,x,C,,C,,07-Apr,y,n,,t,,nh
ONAGRACEAE,EVENING PRIMROSE FAMILY,caco1,camcon,Camissonia contorta,Camissonia,contorta,,,camcon,sun cup,,,,x,,,,h,,,,,x,,06-May,y,n,,t,,nh
ONAGRACEAE,EVENING PRIMROSE FAMILY,cagr,camgra,Camissonia graciliflora,Camissonia,graciliflora,,,camgra,,,,,,,,,nh,,,,,,,,,n,,f,,nh
ONAGRACEAE,EVENING PRIMROSE FAMILY,cahi,camhir,Camissonia hirtella,Camissonia,hirtella,,,camhir,,,,,,,,,nh,,,,,,,,,n,,"b,dk",,nh
ONAGRACEAE,EVENING PRIMROSE FAMILY,cain2,camint,Camissonia intermedia,Camissonia,intermedia,,,camint,,,,,,,,,nh,,,,,,,,,n,,b,,nh
ONAGRACEAE,EVENING PRIMROSE FAMILY,capa,campal,Camissonia palmeri,Camissonia,palmeri,,,campal,sun cup,,,,,,,,h,,,,,x,,,y,n,,h,,nh
ASTERACEAE,SUNFLOWER FAMILY,cast,canstr,Canthium strumarium,Canthium,strumarium,,,canstr,cocklebur,,,x,,,,,h,,,,,x,,10-Jul,,n,,t,,nh
BRASSICACEAE,MUSTARD FAMILY,cabu,capbur,Capsella bursa-pastoris,Capsella,bursa-pastoris,,,capbur,shepherd's purse,,x,x,,,,,h,x,x,,,x,,all,w,i,,t,,ih
CYPERACEAE,SEDGE FAMILY,cado,cardou,Carex douglasii,Carex,douglasii,,,cardou,Douglas's sedge,,,,,,,x,p,,,,x,,,09-Apr,,n,,h,,np
SCROPHULARIACEAE,FIGWORT FAMILY,caaf,casaff,Castilleja affinis,Castilleja,affinis,,,casaff,Indian paintbrush,,,,x,,,,h,,,,,,x,10-Jan,r,n,,t,,nh
SCROPHULARIACEAE,FIGWORT FAMILY,caat,casatt,Castilleja attenuata (Orthocarpus a.),Castilleja,attenuata,,Orthocarpus attenuata,casatt,valley tassels,,,,x,,,,h,,,,,,x,05-Mar,w,n,,h,,nh
SCROPHULARIACEAE,FIGWORT FAMILY,cabr,casbre,Castilleja brevistyla (O. b.),Castilleja,brevistyla,,Orthocarpus brevistyla,casbre,"owl's clover, Indian paintbrush",,,x,,,,,h,,x,,,,,05-Mar,p,n,,h,,nh
SCROPHULARIACEAE,FIGWORT FAMILY,cade,casden,Castilleja densiflora (O. d.),Castilleja,densiflora,,Orthocarpus densiflora,casden,"owl's clover, Indian paintbrush",,,x,,,,,h,,x,,,,,05-Feb,r,n,,h,,nh
SCROPHULARIACEAE,FIGWORT FAMILY,caex,casexs,Castilleja exserta (O. purpurascens),Castilleja,exserta,,Orthocarpus purpurascens,casexs,purple owl's clover,x,C,C,C,C,x,,h,C,C,C,,C,C,05-Mar,p,n,,t,,nh
SCROPHULARIACEAE,FIGWORT FAMILY,cafo,casfol,Castilleja foliolosa,Castilleja,foliolosa,,,casfol,,,,,,,,,np,,,,,,,,,n,,f,,np
SCROPHULARIACEAE,FIGWORT FAMILY,cali,caslin,Castilleja lineariloba (O. l.),Castilleja,lineariloba,,Orthocarpus lineariloba,caslin,owl's clover,,,x,,,,,h,,x,,,,,06-Apr,y,n,,k,,nh
SCROPHULARIACEAE,FIGWORT FAMILY,capl,caspla,Castilleja plagiotoma,Castilleja,plagiotoma,,,caspla,Mojave Indian paintbrush,,,,x,,,,p,,,,x,,,04-Jan,y,n,,h,,np
SCROPHULARIACEAE,FIGWORT FAMILY,casu,cassub,Castilleja subinclusa ssp subinclusa,Castilleja,subinclusa,subinclusa,,cassub,Indian paintbrush,,,,x,,,,p,,,,x,,,06-Apr,r,n,,h,,np
BRASSICACEAE,MUSTARD FAMILY,caca3,caucal,Caulanthus californicus*,Caulanthus,californicus,,,caucal,Calif. jewelflower. Listed endangered (Calif. and U.S.),,,x,x,,,,h,,,x,,,,04-Feb,p,n,,t,,nh
BRASSICACEAE,MUSTARD FAMILY,caco2,caucou,Caulanthus coulteri,Caulanthus,coulteri,,,caucou,jewelflower,,,,,,,,h,,,,,,x,,,n,,h,,nh
BRASSICACEAE,MUSTARD FAMILY,cain1,cauinf,Caulanthus inflatus,Caulanthus,inflatus,,,cauinf,desert candle,,,x,,,,,h,,x,,,,,05-Apr,p,n,,t,,nh
ASTERACEAE,SUNFLOWER FAMILY,ceme,cenmel,Centaurea melitensis,Centaurea,melitensis,,,cenmel,tocalote,,,C,,,,,h,,C,,,,,06-May,y,i,,t,,ih
ASTERACEAE,SUNFLOWER FAMILY,ceso,censol,Centaurea solstitialis,Centaurea,solstitialis,,,censol,yellow star-thistle,,,x,,,,,h,,x,,,,,10-May,y,i,,t,,ih
POLYGONACEAE,BUCKWHEAT FAMILY,ceth,centhu,Centrostegia thurberi,Centrostegia,thurberi,,,centhu,,,,,,,,,nh,,,,,,,,,n,,h,,nh
ASTERACEAE,SUNFLOWER FAMILY,chfr,chafre,Chaenactis fremontii,Chaenactis,fremontii,,,chafre,desert pincushion,,,,x,,,,h,,x,,,x,,05-Mar,w,n,,h,,nh
ASTERACEAE,SUNFLOWER FAMILY,chgl,chagla,Chaenactis glabriuscula vglabriuscula,Chaenactis,glabriuscula,glabriuscula,,chagla,yellow pincushion,,,x,C,x,,,h,,,C,,C,,07-Feb,y,n,,t,,nh
ASTERACEAE,SUNFLOWER FAMILY,choc2,chaocc,Chamomilla occidentalis,Chamomilla,occidentalis,,,chaocc,,x,,,,,,,h,x,,,,,,,,n,,h,,nh
EUPHORBIACEAE,SPURGE FAMILY,choc1,chaoce,Chamaesyce ocellata (Euphorbia o.),Chamaesyce,ocellata,,Euphorbia ocellata,eupoce,prostrate spurge,,,C,,,,,h,C,C,C,,C,,10-May,,n,,t,,nh
EUPHORBIACEAE,SPURGE FAMILY,chpo,chapol,Chamaesyce polycarpa,Chamaesyce,polycarpa,,,chapol,sand mat,,,x,,,,,p,,x,,,,,all,w,n,,t,,np
ASTERACEAE,SUNFLOWER FAMILY,chst,chaste,Chaenactis stevioides,Chaenactis,stevioides,,,chaste,desert pincushion,,,,x,,,,h,,,,,x,,06-Jan,w,n,,h,,nh
ASTERACEAE,SUNFLOWER FAMILY,chsu,chasua,Chamomilla suaveolens (Matricaria matricarioides),Chamomilla,suaveolens,,Matricaria matricarioides,chasua,pineapple weed,C,C,x,,,,,h,C,x,,,,,06-Mar,y,i,,t,,ih
ASTERACEAE,SUNFLOWER FAMILY,chxa2,chaxan,Chaenactis xantiana,Chaenactis,xantiana,,,chaxan,pincushion,,,,,,,,h,,,,x,,,06-Apr,,n,,h,,nh
CHENOPODIACEAE,GOOSEFOOT FAMILY,chal,chealb,Chenopodium album,Chenopodium,album,,,chealb,lamb's quarters,,,x,,,,,h,,x,,,,,10-Jun,,i,,t,,ih
CHENOPODIACEAE,GOOSEFOOT FAMILY,chca,checal,Chenopodium californicum,Chenopodium,californicum,,,checal,soap plant,,,,x,,,,p,,,,,,x,04-Mar,,n,,t,,np
POLYGONACEAE,BUCKWHEAT FAMILY,chan,choang,Chorizanthe angustifolia,Chorizanthe,angustifolia,,,choang,spineflower,,,,x,,,,h,,,,,,,07-Apr,w,n,,s,,nh
EUPHORBIACEAE,SPURGE FAMILY,chococ,chococ,Chamaesyce ocellata ssp ocellata,Chamaesyce,ocellata,ocellata,,chococ,,,,,,,,,nh,,,,,,,,,n,,b,,nh
POLYGONACEAE,BUCKWHEAT FAMILY,chme,chomem,Chorizanthe membranacea,Chorizanthe,membranacea,,,chomem,pink spineflower,,,,x,,,,h,,,,,,x,06-May,p,n,,t,,nh
POLYGONACEAE,BUCKWHEAT FAMILY,chori,choriz,Chorizanthe sp.,Chorizanthe,sp.,,,choriz,,,,,,,,,h,,,,,,,,,n,,,,nh
POLYGONACEAE,BUCKWHEAT FAMILY,chun,chouni,Chorizanthe uniaristata,Chorizanthe,uniaristata,,,chouni,one-awned spineflower,,,,x,,,,h,,,,,,x,07-May,w,n,,t,,nh
POLYGONACEAE,BUCKWHEAT FAMILY,chwa,chowat,Chorizanthe watsonii,Chorizanthe,watsonii,,,chowat,Watson's spineflower,,,,x,,,,h,,,,,x,,06-May,y,n,,h,,nh
POLYGONACEAE,BUCKWHEAT FAMILY,chxa1,choxan,Chorizanthe xanti,Chorizanthe,xanti,,,choxan,Turk's rugging,,,,,,x,,h,,,,,,t,06-May,r,n,,t,,nh
POLYGONACEAE,BUCKWHEAT FAMILY,chpolo,chpolo,Chorizanthe polygonoides v longispina,Chorizanthe,polygonoides,longispina,,chpolo,,,,,,,,,nh,,,,,,,,,n,,cs,,nh
ASTERACEAE,SUNFLOWER FAMILY,chna,chrnau,Chrysothamnus nauseosus ssp mohavensis,Chrysothamnus,nauseosus,mohavensis,,chrnau,rubber rabbitbrush,,,,C,C,x,,s,,,C,,,,11-Sep,y,n,,t,,ns
ASTERACEAE,SUNFLOWER FAMILY,cisp,cirsium,Cirsium sp.,Cirsium,sp.,,,cirsium,thistle,,,,x,,,,h,,,,,,x,09-May,r,n,,t,,nh
ASTERACEAE,SUNFLOWER FAMILY,civu,cirvul,Cirsium vulgare,Cirsium,vulgare,,,cirvul,,,,,,,,,ib,,,,,,,,,i,,b,,ib
ONAGRACEAE,EVENING PRIMROSE FAMILY,clcy,clacyl,Clarkia cylindrica,Clarkia,cylindrica,,,clacyl,farewell to spring,,,C,C,C,,,h,,,C,,C,,07-May,p,n,,t,,nh
PORTULACACEAE,PURSLANE FAMILY,clgy,clagyp,Claytonia gypsophiloides,Claytonia,gypsophiloides,,,clagyp,,,,,x,,,,h,,,,,,x,05-Mar,p,n,,t,,nh
PORTULACACEAE,PURSLANE FAMILY,clpe,claper,Claytonia perfoliata (Montia p.),Claytonia,perfoliata,,Montia perfoliata,claper,miner's lettuce,,,,x,,,,h,,,,,,x,05-Feb,w,n,,t,,nh
ONAGRACEAE,EVENING PRIMROSE FAMILY,clpu,clapur,Clarkia purpurea ssp quadrivulnera,Clarkia,purpurea,quadrivulnera,,clapur,four-spot,,,,x,,,,h,,,,,,x,06-Apr,p,n,,t,,nh
ONAGRACEAE,EVENING PRIMROSE FAMILY,clte,clatem,Clarkia tembloriensis,Clarkia,tembloriensis,,,clatem,,,,,,,,,nh,,,,,,,,,n,,b,,nh
ONAGRACEAE,EVENING PRIMROSE FAMILY,clun,claung,Clarkia unguiculata,Clarkia,unguiculata,,,claung,,,,,,,,,nh,,,,,,,,,n,,b,,nh
PORTULACACEAE,PURSLANE FAMILY,clpapa,clpapa,Claytonia parviflora ssp parvifl,Claytonia,parviflora,parvifl,,clpapa,,,,,,,,,nh,,,,,,,,,n,,f,,nh
PORTULACACEAE,PURSLANE FAMILY,clpavi,clpavi,Claytonia parviflora ssp viridis,Claytonia,parviflora,viridis,,clpavi,,,,,,,,,nh,,,,,,,,,n,,"b,dk",,nh
SCROPHULARIACEAE,FIGWORT FAMILY,coba,colbar,Collinsia bartsiifolia vdavidsonii,Collinsia,bartsiifolia,davidsonii,,colbar,Chinese houses,,,,x,,,,h,,,,,,x,06-Mar,p,n,,h,,nh
SCROPHULARIACEAE,FIGWORT FAMILY,cohe,colhet,Collinsia heterophylla,Collinsia,heterophylla,,,colhet,,,,,,,,,nh,,,,,,,,,n,,cs,,nh
SCROPHULARIACEAE,FIGWORT FAMILY,cosp,colspa,Collinsia sparsiflora v collina,Collinsia,sparsiflora,collina,,colspa,,,,,,,,,nh,,,,,,,,,n,,b,,nh
CONVOLVULACEAE,MORNING-GLORY FAMILY,coar,conarv,Convolvulus arvensis,Convolvulus,arvensis,,,conarv,bindweed,,,x,,,,,h,,x,,,,,10-May,w,i,,t,,ih
ASTERACEAE,SUNFLOWER FAMILY,coca1,concan,Conyza canadensis,Conyza,canadensis,,,concan,,,,,,,,,nh,,,,,,,,,n,,"b, s",,nh
ASTERACEAE,SUNFLOWER FAMILY,coco,concou,Conyza coulteri,Conyza,coulteri,,,concou,horseweed,,,x,,,,,h,,x,,,,,11-Sep,,n,,t,,nh
APIACEAE,CARROT FAMILY,coma,conmac,Conium maculatum,Conium,maculatum,,,conmac,,,,,,,,,nh,,,,,,,,,i,,s,,nh
ASTERACEAE,SUNFLOWER FAMILY,cobi,corbig,Coreopsis bigelovii,Coreopsis,bigelovii,,,corbig,tickseed,,,x,,,,,h,,x,,,,,06-Apr,y,n,,t,,nh
ASTERACEAE,SUNFLOWER FAMILY,coca2,corcal,Coreopsis calliopsidea,Coreopsis,calliopsidea,,,corcal,tickseed,,,x,,,,,h,,x,,,,,05-Mar,y,n,,t,,nh
SCROPHULARIACEAE,FIGWORT FAMILY,cori,corrig,Cordylanthus rigidus,Cordylanthus,rigidus,,,corrig,bird's beak,,,,x,,,,h,,,,,,x,09-Aug,y,n,,t,,nh
CRASSULACEAE,STONECROP FAMILY,craq,craaqu,Crassula aquatica,Crassula,aquatica,,,craaqu,,,,,,,,,nh,,,,,,,,,n,,k,,nh
CRASSULACEAE,STONECROP FAMILY,crco,cracon,Crassula connata,Crassula,connata,,,cracon,pygmy weed,,,,x,,,,h,,,,,x,,05-Feb,,n,,c,,nh
CONVOLVULACEAE,MORNING-GLORY FAMILY,crtr,cretrux,Cressa truxillensis,Cressa,truxillensis,,,cretrux,alkali weed,x,x,,,,,,p,x,,,,,,10-May,w,n,,t,,np
BORAGINACEAE,BORAGE FAMILY,crba,crybar,Cryptantha barbigera,Cryptantha,barbigera,,,crybar,,,,x,,,,,h,,,,,x,,06-Apr,w,n,,h,,nh
BORAGINACEAE,BORAGE FAMILY,crci,crycir,Cryptantha circumscissa,Cryptantha,circumscissa,,,crycir,,,,,,,,,h,,,,,x,,,,n,,h,,nh
BORAGINACEAE,BORAGE FAMILY,crfl,cryfla,Cryptantha flaccida,Cryptantha,flaccida,,,cryfla,flaccid cryptantha,,,,x,,,,h,,,x,,,x,05-Jan,w,n,,h,,nh
BORAGINACEAE,BORAGE FAMILY,crin,cryint,Cryptantha intermedia,Cryptantha,intermedia,,,cryint,common cryptantha,,,,x,,,,h,,,x,,,x,07-Apr,w,n,,t,,nh
BORAGINACEAE,BORAGE FAMILY,crmu,crymur,Cryptantha muricata,Cryptantha,muricata,,,crymur,,,,,,,,,h,,,,x,,,,,n,,h,,nh
BORAGINACEAE,BORAGE FAMILY,crne,crynem,Cryptantha nemaclada,Cryptantha,nemaclada,,,crynem,,,,,,,,,h,,,,,,,,,n,,h,,nh
BORAGINACEAE,BORAGE FAMILY,crox,cryoxy,Cryptantha oxygona,Cryptantha,oxygona,,,cryoxy,,,,,,,,,h,,,,,,,,,n,,h,,nh
BORAGINACEAE,BORAGE FAMILY,crypt,crypta,Cryptantha sp.,Cryptantha,sp.,,,crypta,,,,,,,,,h,,,,,,,,,n,,,,nh
BORAGINACEAE,BORAGE FAMILY,crpt,crypte,Cryptantha pterocarya,Cryptantha,pterocarya,,,crypte,,,,,,,,,h,,,,,,,06-Mar,,n,,k,,nh
CUCURBITACEAE,GOURD FAMILY,cufo,cucfoe,Cucurbita foetidissima,Cucurbita,foetidissima,,,cucfoe,calabazilla,,,x,,,,,v,,x,,,,,08-Jun,y,n,,h,,nv
CUCURBITACEAE,GOURD FAMILY,cupa,cucpal,Cucurbita palmata,Cucurbita,palmata,,,cucpal,coyote melon,,,C,C,x,,,v,,x,C,,,x,09-Apr,y,n,,h,,nv
CUPRESSACEAE,CYPRESS FAMILY,cuar,cupari,Cupressus arizonicaro,Cupressus,arizonicaro,,,cupari,Arizona cypress,,,,,,,,t,,,,,,,,,i,,v,,it
CUPRESSACEAE,CYPRESS FAMILY,cuma,cupmac,Cupressus macrocarparo,Cupressus,macrocarparo,,,cupmac,Monterey cypress,,,,,,,,t,,,,,,,,,i,,v,,it
CUSCUTACEAE,DODDER FAMILY,cuca,cuscal,Cuscuta californica,Cuscuta,californica,,,cuscal,dodder. parasite,,,,x,,,,v,,,x,,,,03-Feb,o,n,,t,,nv
POACEAE (GRAMINEAE),GRASS FAMILY,cyda,cyndac,Cynodon dactylon,Cynodon,dactylon,,,cyndac,bermuda grass,,,x,,,,,pg,,x,,,,,08-Jun,,i,,t,,ipg
SOLANACEAE,NIGHTSHADE FAMILY,dawr,datwri,Datura wrightii,Datura,wrightii,,,datwri,jimson weed,,,C,,,,,h,,x,C,,x,,09-Mar,w,n,,t,,nh
APIACEAE,CARROT FAMILY,dapu,daupus,Daucus pusillus,Daucus,pusillus,,,daupus,,,,,,,,,nh,,,,,,,,,n,,"b,cs",,nh
RANUNCULACEAE,BUTTERCUP FAMILY,degy,delgyp,Delphinium gypsophilum ssp gypsophilum*,Delphinium,gypsophilum,gypsophilum,,delgyp,gypsum-loving larkspur. Uncommon,,,x,x,,,,p,,,x,,x,,05-Apr,w,n,,t,,np
RANUNCULACEAE,BUTTERCUP FAMILY,depa,delpar,Delphinium parryi,Delphinium,parryi,,,delpar,Parry's larkspur,,,,x,,,,p,,,x,,,,06-May,bp,n,,t,,np
RANUNCULACEAE,BUTTERCUP FAMILY,depahe,delpat,Delphinium patens ssp hepaticoidium,Delphinium,patens,hepaticoidium,,delpat,spreading larkspur,,,,,,,,p,,,,x,,,,,n,,h,,np
RANUNCULACEAE,BUTTERCUP FAMILY,delph,delphe,Delphenium sp.,Delphinium,sp.,,,delphe,,,,,,,,,p,,,,,,,,,n,,,,np
RANUNCULACEAE,BUTTERCUP FAMILY,dere,delrec,Delphinium recurvatum*,Delphinium,recurvatum,,,delrec,valley or recurved larkspur. rare,C,C,,,,,,p,C,,,,,,05-Mar,b,n,,t,,np
PAPAVERACEAE,POPPY FAMILY,deri,denrig,Dendromecon rigida,Dendromecon,rigida,,,denrig,,,,,,,,,ns,,,,,,,,,n,,cs,,ns
RANUNCULACEAE,BUTTERCUP FAMILY,depapu,depapu,Delphinium parryi ssp purpureum,Delphinium,parryi,purpureum,,depapu,,,,,,,,,np,,,,,,,,,n,,cs,,np
POACEAE (GRAMINEAE),GRASS FAMILY,deda,desdan,Deschampsia danthonioides,Deschampsia,danthonioides,,,desdan,annual hairgrass,C,C,,,,,,a,C,,,,,,07-Apr,,n,,t,,na
BRASSICACEAE,MUSTARD FAMILY,depi,despin,Descurainia pinnata,Descurainia,pinnata,,,despin,western tansy mustard,,,x,,,,,h,,x,,,,,07-Mar,y,n,,t,,nh
BRASSICACEAE,MUSTARD FAMILY,deso,dessop,Descurainia sophia,Descurainia,sophia,,,dessop,tansy mustard,,,x,,,,,h,,x,,,,,08-May,y,i,,t,,ih
LILIACEAE (AMARYLLIDACEAE),LILY FAMILY,dica,diccap,Dichelostemma capitatum,Dichelostemma,capitatum,,,diccap,blue dicks,,C,C,C,,,,p,,x,C,,x,,06-Feb,p,n,,t,,np
POACEAE (GRAMINEAE),GRASS FAMILY,disp,disspi,Distichlis spicata,Distichlis,spicata,,,disspi,salt grass,C,C,C,x,x,,,pg,C,C,C,,x,,07-Apr,,n,,t,,npg
PRIMULACEAE,PRIMROSE FAMILY,docl,dodcle,Dodecatheon clevelandii,Dodecatheon,clevelandii,,,dodcle,shooting star,,,,x,,,,h,,,x,,,,04-Feb,p,n,,h,,nh
BRASSICACEAE,MUSTARD FAMILY,drve,draver,Draba verna,Draba,verna,,,draver,,,,,,,,,ih,,,,,,,,,i,,"b,f",,ih
CRASSULACEAE,STONECROP FAMILY,ducy,dudcym,Dudleya cymosa,Dudleya,cymosa,,,dudcym,,,,,x,,,,p,,,x,,,,07-Apr,y,n,,h,,np
CRASSULACEAE,STONECROP FAMILY,dula,dudlan,Dudleya lanceolata,Dudleya,lanceolata,,,dudlan,,,,,,,,,np,,,,,,,,,n,,"b,dk",,np
ASTERACEAE,SUNFLOWER FAMILY,eael,easele,Eastwoodia elegans,Eastwoodia,elegans,,,easele,yellow mock aster,,,,C,C,,,s,,,C,,C,C,06-Jan,y,n,,t,,ns
POACEAE (GRAMINEAE),GRASS FAMILY,ecsp,echino,Echinochloa sp.,Echinochloa,sp.,,,echino,,,,,,,,,,,,,,,,,,,,"b,dk",,
CYPERACEAE,SEDGE FAMILY,elpa,elepar,Eleocharis parishii,Eleocharis,parishii,,,elepar,spikerush,,,,,,,x,p,,,x,,,,10-Apr,,n,,c,,np
POACEAE (GRAMINEAE),GRASS FAMILY,elel,elyely,Elymus elymoides ssp elymoides (Sitanion hystrix),Elymus,elymoides,elymoides,Sitanion hystrix,elyely,squirreltail,,,,x,,,,pg,,,,,,x,08-Jul,,n,,t,,npg
POACEAE (GRAMINEAE),GRASS FAMILY,elgl,elygla,Elymus glaucus,Elymus,glaucus,,,elygla,blue wildrye,,,,x,,,,pg,,,,,,x,08-Mar,,n,,t,,npg
HYDROPHYLLACEAE,WATERLEAF FAMILY,empe,emmpen,Emmenanthe penduliflora,Emmenanthe,penduliflora,,,emmpen,whispering bells,,,,x,,,,h,,,,,,x,08-Mar,w,n,,t,,nh
ASTERACEAE,SUNFLOWER FAMILY,enac,encact,Encelia actoni,Encelia,actoni,,,encact,encelia,,,,x,,,,s,,,,x,,,07-Feb,y,n,,k,,ns
EPHEDRACEAE,EPHEDRA FAMILY,epca,ephcal,Ephedra californica,Ephedra,californica,,,ephcal,desert tea,,,x,C,C,,,s,,,C,,C,,08-Apr,,n,,t,,ns
EPHEDRACEAE,EPHEDRA FAMILY,epvi,ephvir,Ephedra viridis,Ephedra,viridis,,,ephvir,green ephedra,,,,,x,x,,s,,,x,x,,,06-Apr,,n,,t,,ns
ONAGRACEAE,EVENING PRIMROSE FAMILY,epcaca,epican,Epilobium canum ssp canum (Zauschneria californica),Epilobium,canum,canum,Zauschneria californica,epican,California fuschia,,,,C,C,,,s,,,C,,,,11-Jun,r,n,,t,,ns
ONAGRACEAE,EVENING PRIMROSE FAMILY,eppy,epipyg,Epilobium pygmaeum (Boisduvalia glabella),Epilobium,pygmaeum,,Boisduvalia glabella,epipyg,,,x,,,,,,h,,x,,,,,08-May,p,n,,h,,nh
POLEMONIACEAE,PHLOC FAMILY,erdeau,erdeau,Eriastrum densifolium ssp austromontanum,Eriastrum,densifolium,austromontanum,,erdeau,,,,,x,,,,p,,,,x,,,08-Jun,b,n,,h,,np
POLEMONIACEAE,PHLOC FAMILY,erdeel,erdeel,Eriastrum densifolium ssp elongatum,Eriastrum,densifolium,elongatum,,erdeel,mesa phlox,,,,x,,,,p,,,,,,x,10-Jun,b,n,,h,,np
MALVACEAE,MALLOW FAMILY,erex,ereexi,Eremalche exilis,Eremalche,exilis,,,ereexi,mallow,,,,x,,,,h,,,,,,x,05-Mar,p,n,,h,,nh
MALVACEAE,MALLOW FAMILY,erpa,erepar,Eremalche parryi,Eremalche,parryi,,,erepar,Parry's mallow,,x,C,C,x,,,h,x,x,C,,C,,06-Mar,p,n,,t,,nh
EUPHORBIACEAE,SPURGE FAMILY,erse,ereset,Eremocarpus setigerus,Eremocarpus,setigerus,,,croset,turkey mullein,,C,C,C,x,,,h,C,C,C,,C,,09-Mar,w,n,,t,,nh
POLYGONACEAE,BUCKWHEAT FAMILY,eran,eriang,Eriogonum angulosum,Eriogonum,angulosum,,,eriang,angled buckwheat,,x,C,C,C,C,,h,,C,C,,C,,07-May,w,n,,t,,nh
POLYGONACEAE,BUCKWHEAT FAMILY,erba,eribai,Eriogonum baileyi,Eriogonum,baileyi,,,eribai,Bailey's buckwheat,,,,x,,,,h,,,,x,,,10-Jul,w,n,,k,,nh
POLYGONACEAE,BUCKWHEAT FAMILY,erci2,ericit,Eriogonum cithariforme,Eriogonum,cithariforme,,,ericit,wild buckwheat,,,,,,,,h,,,,x,,,,,n,,h,,nh
ASTERACEAE,SUNFLOWER FAMILY,erco2,ericon,Eriophyllum confertifolium,Eriophyllum,confertifolium,,,ericon,golden yarrow,,,,C,C,x,,s,,,C,C,x,C,07-Feb,y,n,,t,,ns
POLYGONACEAE,BUCKWHEAT FAMILY,erco1,ericov,Eriogonum covilleanum,Eriogonum,covilleanum,,,ericov,Coville's buckwheat,,,,x,,,,h,,,,x,,,05-Jan,w,n,,h,,nh
ASTERACEAE,SUNFLOWER FAMILY,ercu,ericun,Ericameria cuneata,Ericameria,cuneata,,,ericun,wedge-leafed goldenbush,,,,x,x,,,s,,,x,,,x,01-Oct,y,n,,h,,ns
POLYGONACEAE,BUCKWHEAT FAMILY,erda,eridav,Eriogonum davidsonii,Eriogonum,davidsonii,,,eridav,Davidson's buckwheat,,,,x,,,,h,,,,x,,,09-Jun,w,n,,k,,nh
POLEMONIACEAE,PHLOC FAMILY,erdi,eridif,Eriastrum diffusum,Eriastrum,diffusum,,,eridif,,,,,x,,,,h,,,,x,,,05-Mar,b,n,,h,,nh
POLYGONACEAE,BUCKWHEAT FAMILY,erel,erielo,Eriogonum elongatum v elongatum,Eriogonum,elongatum,elongatum,,erielo,long-stemmed buckwheat,,,x,C,C,C,,p,,,C,,C,C,many,w,n,,t,,np
POLEMONIACEAE,PHLOC FAMILY,erer,eriere,Eriastrum eremicum ss peremicum,Eriastrum,eremicum,peremicum,,eriere,desert eriastrum,,,x,,,,,h,,x,,,,,06-Apr,b,n,,h,,nh
POLYGONACEAE,BUCKWHEAT FAMILY,erfa,erifas,Eriogonum fasciculatum v polifolium,Eriogonum,fasciculatum,polifolium,,erifas,California buckwheat,,,x,C,C,C,,s,,,C,,C,C,10-Apr,p,n,,t,,ns
ASTERACEAE,SUNFLOWER FAMILY,erfo,erifol,Erigeron foliosus,Erigeron,foliosus,,,erifol,,,,,,,,,np,,,,,,,,,n,,"b,dk",,np
POLYGONACEAE,BUCKWHEAT FAMILY,ergo,erigos,Eriogonum gossypinum*,Eriogonum,gossypinum,,,erigos,cottony buckwheat. uncommon,,,,C,,,,h,,,x,,C,,09-Apr,p,n,,h,,nh
POLYGONACEAE,BUCKWHEAT FAMILY,ergr,erigra,Eriogonum gracillimum,Eriogonum,gracillimum,,,erigra,slender buckwheat,,,,x,,,,h,,,,x,,,10-Jul,p,n,,h,,nh
POLYGONACEAE,BUCKWHEAT FAMILY,erhe,erihee,Eriogonum heermanii,Eriogonum,heermanii,,,erihee,Heerman's buckwheat,,,,,x,,,s,,,,x,,,09-Jul,y,n,,h,,ns
POLEMONIACEAE,PHLOC FAMILY,erho,erihoo,Eriastrum hooveri*,Eriastrum,hooveri,,,erihoo,Hoover's eriastrum. Listed threatened (U.S.),,,,x,,,,h,,,,,x,,06-Mar,w,n,,h,,nh
ASTERACEAE,SUNFLOWER FAMILY,erli,erilin,Ericameria linearifolia,Ericameria,linearifolia,,,erilin,interior goldenbush (linear-leaved g.),,,,C,C,C,,s,,,C,,C,,06-Mar,y,n,,t,,ns
POLYGONACEAE,BUCKWHEAT FAMILY,erma1,erimac,Eriogonum maculatum,Eriogonum,maculatum,,,erimac,spotted buckwheat,,,,x,,,,h,,,,,,x,11-May,p,n,,t,,nh
ASTERACEAE,SUNFLOWER FAMILY,ermu,erimul,Eriophyllum multicaule,Eriophyllum,multicaule,,,erimul,,,,,,,,,nh,,,,,,,,,n,,"b,dk",,nh
POLYGONACEAE,BUCKWHEAT FAMILY,ernu,erinud,Eriogonum nudum v indictum,Eriogonum,nudum,indictum,,erinud,naked-stemmed buckwheat,,,,x,,,,h,,,x,,,,12-Jun,y,n,,t,,nh
,,eriog,eriogo,Eriogonum sp.,Eriogonum,sp.,,,eriogo,,,,,,,,,h,,,,,,,,,n,,,,nh
POLYGONACEAE,BUCKWHEAT FAMILY,eror,eriord,Eriogonum ordii,Eriogonum,ordii,,,eriord,Ord's buckwheat,,,,x,,,,h,,,,,,x,10-May,p,n,,h,,nh
POLEMONIACEAE,PHLOC FAMILY,erpl,eriplu,Eriastrum pluriflorum,Eriastrum,pluriflorum,,,eriplu,many-flowered eriastrum,,C,,C,,,,h,C,,C,,C,C,07-May,b,n,,t,,nh
ASTERACEAE,SUNFLOWER FAMILY,erpr,eripri,Eriophyllum pringlei,Eriophyllum,pringlei,,,eripri,woolly sunflower,,,,,,,,h,,,,,,x,,,n,,h,,nh
POLYGONACEAE,BUCKWHEAT FAMILY,erro,eriros,Eriogonum roseum,Eriogonum,roseum,,,eriros,,,,,,,,,nh,,,,,,,,,n,,h,,nh
POLYGONACEAE,BUCKWHEAT FAMILY,erte,eritem,Eriogonum temblorense*,Eriogonum,temblorense,,,eritem,temblor buckwheat,,,,x,,,,a,,,,,x,,05-Apr,w,n,,l,,na
POLYGONACEAE,BUCKWHEAT FAMILY,ertr,eritri,Eriogonum trichopes,Eriogonum,trichopes,,,eritri,yellow trumpet,,,C,C,C,x,,h,C,x,C,,C,,08-Jun,y,n,,h,,nh
POLYGONACEAE,BUCKWHEAT FAMILY,ertw,eritwi,Eriogonum twisselmannii,Eriogonum,twisselmannii,,,eritwi,,,,,,,,,np,,,,,,,,,n,,l,,np
POLYGONACEAE,BUCKWHEAT FAMILY,ervi,erivir,Eriogonum viridescens,Eriogonum,viridescens,,,erivir,green buckwheat,,,,x,,,,h,,,,,,x,11-Jul,p,n,,t,,nh
GERANIACEAE,GERANIUM FAMILY,erbo,erobot,Erodium botrys,Erodium,botrys,,,erobot,long-beaked filaree,,,x,,,,,h,,x,,,,,05-Mar,p,i,,c,,ih
GERANIACEAE,GERANIUM FAMILY,erbr,erobra,Erodium brachycarpum,Erodium,brachycarpum,,,erobra,,,,,,,,,ih,,,,,,,,,i,,"b,dk",,ih
GERANIACEAE,GERANIUM FAMILY,erci,erocic,Erodium cicutarium,Erodium,cicutarium,,,erocic,red-stemmed filaree,C,C,C,C,C,C,,h,C,C,C,C,C,C,05-Feb,p,i,y,t,,ih
GERANIACEAE,GERANIUM FAMILY,erma2,eromac,Erodium macrophylum,Erodium,macrophylum,,,eromac,round-leaved filaree,,,x,,,,,h,,x,,,,,05-Mar,w,n,,t,,nh
GERANIACEAE,GERANIUM FAMILY,ermo,eromos,Erodium moschatum,Erodium,moschatum,,,eromos,filaree,,,,,,,,h,,,,,,,05-Feb,,i,,s,,ih
POLYGONACEAE,BUCKWHEAT FAMILY,ertrho,ertrho,Eriogonum trichopes v. hooveri,Eriogonum,trichopes,hooveri,,ertrho,desert trumpet,,,C,C,C,x,,h,x,C,C,,C,,many,y,n,,h,,nh
BRASSICACEAE,MUSTARD FAMILY,erca,erycap,Erysimum capitatum,Erysimum,capitatum,,,erycap,western wallflower,,,x,,,,,h,,x,,,,,07-Mar,o,n,,c,,nh
APIACEAE,CARROT FAMILY,ersp,eryspi,Eryngium spinosepalum*,Eryngium,spinosepalum,,,eryspi,spiny-sepaled button-celery. Rare,,,x,,,,,h,x,,,,,,08-Jun,w,n,,h,,nh
PAPAVERACEAE,POPPY FAMILY,esca,esccal,Eschscholzia californica,Eschscholzia,californica,,,esccal,California poppy,,,C,,,,,h,,C,,,,,07-Feb,o,n,,t,,nh
PAPAVERACEAE,POPPY FAMILY,else,esclem,Eschscholzia lemmonii,Eschscholzia,lemmonii,,,esclem,Lemmon's poppy,,,x,,,,,h,,,,,x,,05-Apr,y,n,,t,,nh
MYRTACEAE,MYRTLE FAMILY,eupo,eucpol,Eucalyptus polyanthemosro,Eucalyptus,polyanthemosro,,,eucpol,silver dollar gum,,,,,,,,t,,,,,,,,,i,,v,,it
MYRTACEAE,MYRTLE FAMILY,eute,eucter,Eucalyptus tereticornisro,Eucalyptus,tereticornisro,,,eucter,red gum,,,,,,,,t,,,,,,,,,i,,v,,it
ASTERACEAE,SUNFLOWER FAMILY,fica,filcal,Filago californica,Filago,californica,,,filcal,,,,,,,,,nh,,,,,,,,,n,,s,,nh
ASTERACEAE,SUNFLOWER FAMILY,figa,filgal,Filago gallica,Filago,gallica,,,filgal,herbia impia,,,,,,,,h,,,,,,,06-Apr,,i,,n,,ih
OLEACEAE,OLIVE FAMILY,fopu,forpub,Forestiera pubescensro,Forestiera,pubescensro,,,forpub,desert olive,,,,,,,,s,,,,,,,04-Mar,,n,,,,ns
FRANKENIACEAE,FRANKENIA FAMILY,frsa,frasal,Frankenia salina (F. grandiflora campestris),Frankenia,salina,,Frankenia grandiflora campestris,frasal,alkali heath,C,C,,,,,,s,C,,,,,,11-May,p,n,,t,,ns
LILIACEAE (AMARYLLIDACEAE),LILY FAMILY,frag,friagr,Fritillaria agrestis*,Fritillaria,agrestis,,,friagr,stinkbells,,,,x,,,,p,,,,,,x,04-Mar,n,n,,h,,np
LILIACEAE (AMARYLLIDACEAE),LILY FAMILY,frbi,fribif,Fritillaria biflora,Fritillaria,biflora,,,fribif,chocolate lily,,,,x,,,,p,,,x,,,,06-Feb,n,n,,c,,np
RUBIACEAE,MADDER FAMILY,gaan,galand,Galium andrewsii,Galium,andrewsii,,,galand,phlox-leaved bedstraw,,,,,,x,,p,,,x,,,x,06-Apr,y,n,,h,,np
RUBIACEAE,MADDER FAMILY,gaanan,galang,Galium angustifolium ssp angustifolium,Galium,angustifolium,angustifolium,,galang,,,,,,,,,np,,,,,,,,,n,,"b,dk",,np
RUBIACEAE,MADDER FAMILY,gaap,galapa,Galium aparine,Galium,aparine,,,galapa,,,,,,,,,nh,,,,,,,,,n,,"b,dk",,nh
GARRYACEAE,SILK TASSEL FAMILY,gafl,garfla,Garrya flavescens,Garrya,flavescens,,,garfla,silk tassel bush,,,,,,x,,s,,,,x,,,04-Feb,,n,,h,,ns
POACEAE (GRAMINEAE),GRASS FAMILY,gave,gasven,Gastridium ventricosum,Gastridium,ventricosum,,,gasven,,,,,,,,,ia,,,,,,,,,i,,cs,,ia
POLEMONIACEAE,PHLOC FAMILY,giau,gilaus,Gilia austro-occidentalis,Gilia,austro-occidentalis,,,gilaus,,,,,x,,,,h,,,,x,,,06-Mar,p,n,,h,,nh
POLEMONIACEAE,PHLOC FAMILY,gibr,gilbre,Gilia brecciarum ssp jacens,Gilia,brecciarum,jacens,,gilbre,,,,,,,,,h,,,,,x,,,,n,,h,,nh
POLEMONIACEAE,PHLOC FAMILY,gica,gilcap,Gilia capitata,Gilia,capitata,,,gilcap,,,,,,,,,nh,,,,,,,,,n,,"b,dk",,nh
POLEMONIACEAE,PHLOC FAMILY,gicl,gilcli,Gilia clivorum,Gilia,clivorum,,,gilcli,,,,,x,,,,h,,,,,,x,05-Mar,y,n,,t,,nh
POLEMONIACEAE,PHLOC FAMILY,gilia,gilia,Gilia sp.,Gilia,sp.,,,gilia,,,,,,,,,h,,,,,,,,,n,,,,nh
POLEMONIACEAE,PHLOC FAMILY,gila,gillat,Gilia latiflora,Gilia,latiflora,,,gillat,,,,,,,,,nh,,,,,,,,,n,,h,,nh
POLEMONIACEAE,PHLOC FAMILY,gima,gilmal,Gilia malior,Gilia,malior,,,gilmal,,,,,x,,,,h,,,,,,x,04-Mar,p,n,,h,,nh
POLEMONIACEAE,PHLOC FAMILY,gimi,gilmin,Gilia minor,Gilia,minor,,,gilmin,common gilia,,,,x,,,,h,,,,,,x,04-Mar,p,n,,t,,nh
POLEMONIACEAE,PHLOC FAMILY,gitr,giltri,Gilia tricolor,Gilia,tricolor,,,giltri,bird's-eyes,,,C,C,x,,,h,,,C,,C,C,05-Mar,y,n,,t,,nh
ASTERACEAE,SUNFLOWER FAMILY,gnca,gnacal,Gnaphalium californicum,Gnaphalium,californicum,,,gnacal,,,,,,,,,"nh,np",,,,,,,,,n,,b,,"nh,np"
ASTERACEAE,SUNFLOWER FAMILY,gncabe,gnacan,Gnaphalium canescens ssp beneolens,Gnaphalium,canescens,beneolens,,gnacan,,,,,,,,,np,,,,,,,,,n,,b,,np
ASTERACEAE,SUNFLOWER FAMILY,gnlu,gnalut,Gnaphalium luteo-album,Gnaphalium,luteo-album,,,gnalut,everlasting,,,,,,,x,h,,,,,,,10-Mar,w,i,,k,,ih
ASTERACEAE,SUNFLOWER FAMILY,gnpa,gnapal,Gnaphalium palustre,Gnaphalium,palustre,,,gnapal,,,,,,,,,nh,,,,,,,,,n,,"b,dk",,nh
ASTERACEAE,SUNFLOWER FAMILY,gnst,gnastr,Gnaphalium stramineum,Gnaphalium,stramineum,,,gnastr,,,,,,,,,np,,,,,,,,,n,,b,,np
CHENOPODIACEAE,GOOSEFOOT FAMILY,grsp,graspi,Grayia spinosa,Grayia,spinosa,,,graspi,hop-sage,,,,x,,,,s,,,,,,x,04-Jan,,n,,h,,ns
ASTERACEAE,SUNFLOWER FAMILY,grca,gricam,Grindelia camporum vcamporum,Grindelia,camporum,camporum,,gricam,,,,,,,,,np,,,,,,,,,n,,b,,np
BRASSICACEAE,MUSTARD FAMILY,gula,guilas,Guillenia lasiophylla (Thelypodium l.),Guillenia,lasiophylla,,Thelypodium lasiophylla,caulas,California mustard,,,,x,,,,h,,,,,,x,06-Feb,w,n,,t,,nh
BRASSICACEAE,MUSTARD FAMILY,gule,guilem,Guillenia lemmonii (Thelypodium l.),Guillenia,lemmonii,,Thelypodium lemmonii,guilem,Lemmon's mustard,,,x,,,,,h,,x,,,,,06-Mar,p,n,,h,,nh
ASTERACEAE,SUNFLOWER FAMILY,guca,gutcal,Gutierrezia californica (G. bracteata),Gutierrezia,californica,,Gutierrezia bracteata,gutcal,"Calif. matchweed, snakeweed",,,C,C,C,,,s,,,C,,C,,10-Jul,y,n,,t,,ns
ASTERACEAE,SUNFLOWER FAMILY,hast,hazste,Hazardia stenolepis,Hazardia,stenolepis,,,hazste,sawtooth goldenbush,,,,,x,x,,s,,,,x,,x,11-Jan,y,n,,h,,ns
ASTERACEAE,SUNFLOWER FAMILY,hean,helann,Helianthus annuus,Helianthus,annuus,,,helann,sunflower,,,C,,,,,h,,C,,,,,10-Jul,y,n,,t,,nh
BORAGINACEAE,BORAGE FAMILY,hecu,helcur,Heliotropium curassavicum,Heliotropium,curassavicum,,,helcur,heliotrope,x,x,x,x,,,,h,x,x,x,,x,,10-Mar,w,n,,t,,nh
ASTERACEAE,SUNFLOWER FAMILY,hefi,hemfit,Hemizonia fitchii,Hemizonia,fitchii,,,hemfit,"tarplant, spikeweed",,,x,,,,,h,,x,,,,,11-May,y,n,,h,,nh
ASTERACEAE,SUNFLOWER FAMILY,hepa,hempal,Hemizonia pallida*,Hemizonia,pallida,,,hempal,Kern tarplant. uncommon,,,x,x,,,,h,,,x,,x,,09-Jun,y,n,,t,,nh
ASTERACEAE,SUNFLOWER FAMILY,hepe,hempen,Hemizonia pentactis,Hemizonia,pentactis,,,hempen,Salinas River tarplant,,,x,,,,,h,,x,,,,,10-May,y,n,,h,,nh
ASTERACEAE,SUNFLOWER FAMILY,hepu,hempun,Hemizonia pungens,Hemizonia,pungens,,,hempun,common spikeweed,,,C,,,,,h,,C,,,,,09-Jun,y,n,,t,,nh
CARYOPHYLLACEAE,PINK FAMILY,hehi,herhir,Herniaria hirsuta ssp cineria,Herniaria,hirsuta,cineria,,herhir,gray herniaria,,,x,,,,,h,,x,,,,,09-Apr,w,i,,c,,ih
ASTERACEAE,SUNFLOWER FAMILY,hese,hetses,Heterotheca sessiliflora,Heterotheca,sessiliflora,,,hetses,,,,,,,,,np,,,,,,,,,n,,"b,dk",,np
BRASSICACEAE,MUSTARD FAMILY,heun,hetuni,Heterodraba unilateralis,Heterodraba,unilateralis,,,hetuni,hairy fringe-pod,,,,x,,,,h,,,,,,x,04-Mar,w,n,,t,,nh
BRASSICACEAE,MUSTARD FAMILY,hiin,hirinc,Hirschfeldia incana,Hirschfeldia,incana,,,hirinc,winter mustard,,,x,,,,,h,,x,,,,,10-May,y,i,,t,,ih
POLYGONACEAE,BUCKWHEAT FAMILY,hola,hollan,Hollisteria lanata*,Hollisteria,lanata,,,hollan,hollisteria,,,C,C,x,,,h,,x,C,,C,,06-Apr,y,n,,h,,nh
POACEAE (GRAMINEAE),GRASS FAMILY,homule,homule,Hordeum murinum ssp leporinum,Hordeum,murinum,leporinum,,homule,farmer's foxtail,C,C,C,C,x,,,a,C,C,C,C,C,C,06-Apr,,i,,t,,ia
POACEAE (GRAMINEAE),GRASS FAMILY,hode,hordep,Hordeum depressum,Hordeum,depressum,,,hordep,low barley,,x,,,,,,a,,x,,,,,05-Apr,,n,,t,,na
POACEAE (GRAMINEAE),GRASS FAMILY,hosp,hordsp,Hordeum sp.,Hordeum,sp.,,,hordsp,barley. many v as crops,,,x,,,,,a,,x,,,,,06-Apr,,i,,t,,ia
POACEAE (GRAMINEAE),GRASS FAMILY,homu,hormur,Hordeum murinum,Hordeum,murinum,,,hormur,barley,,,,,,,,a,,,,,,,06-Apr,,i,,n,,ia
BRASSICACEAE,MUSTARD FAMILY,hupr,hutpro,Hutchinsia procumbens,Hutchinsia,procumbens,,,hutpro,meadow mustard,x,x,,x,,,,h,x,,,,,,04-Mar,w,n,,t,,nh
ASTERACEAE,SUNFLOWER FAMILY,hysa,hymsal,Hymenoclea salsola,Hymenoclea,salsola,,,hymsal,"burrobush, cheesebush",,,,C,,,,s,,,C,,C,C,06-Apr,w,n,,t,,ns
ASTERACEAE,SUNFLOWER FAMILY,isac,isoacr,Isocoma acradenia v bracteosa,Isocoma,acradenia,bracteosa,,isoacr,alkali goldenbush,C,C,C,C,,,,s,C,x,C,,C,,11-Aug,y,n,,t,,ns
CAPPARACEAE,CAPER FAMILY,isar,isoarb,Isomeris arborea,Isomeris,arborea,,,isoarb,bladderpod,,,,C,,,,s,,,C,,C,C,all,y,n,,t,,ns
JUGLANDACEAE,,jucahi,jugcal,Juglans californica v hindsii,Juglans,californica,hindsii,,jugcal,,,,,,,,,nt,,,,,,,,,n,,"b,k",,nt
JUNCACEAE,RUSH FAMILY,juba,junbal,Juncus balticus,Juncus,balticus,,,junbal,Baltic rush,,,,,,,x,p,,,,,,x,09-Apr,,n,,t,,np
JUNCACEAE,RUSH FAMILY,jubu,junbuf,Juncus bufonius,Juncus,bufonius,,,junbuf,toad rush,,,,,,,x,h,,,,,,,09-Apr,,n,,n,,nh
CUPRESSACEAE,CYPRESS FAMILY,juca,juncal,Juniperus californica,Juniperus,californica,,,juncal,California juniper,,,x,C,C,C,,s,,x,C,C,C,C,03-Jan,,n,,t,,ns
JUNCACEAE,RUSH FAMILY,jume,junmex,Juncus mexicanus,Juncus,mexicanus,,,junmex,,,,,,,,,npg,,,,,,,,,n,,b,,npg
JUNCACEAE,RUSH FAMILY,jute,juntex,Juncus textilis,Juncus,textilis,,,juntex,,,,,,,,,npg,,,,,,,,,n,,"b,dk",,npg
JUNCACEAE,RUSH FAMILY,juxi,junxip,Juncus xiphioides,Juncus,xiphioides,,,junxip,,,,,,,,,npg,,,,,,,,,n,,"b,f",,npg
SAPINDACEAE,,kopa,koepan,Koelreuteria paniculata,Koelreuteria,paniculata,,,koepan,,,,,,,,,it,,,,,,,,,i,,v,,it
CHENOPODIACEAE,GOOSEFOOT FAMILY,krla,kralan,Krascheninnikovia lanata (Ceratoides l.),Krascheninnikovia,lanata,,Ceratoides lanata,kralan,winterfat,,,,C,C,,,s,,,C,,C,C,06-Mar,,n,,h,,ns
ASTERACEAE,SUNFLOWER FAMILY,lase,lacser,Lactuca serriola,Lactuca,serriola,,,lacser,prickly lettuce,,,C,,,,,h,,C,,,,,09-May,y,i,,t,,ih
ASTERACEAE,SUNFLOWER FAMILY,lara,lagram,Lagophylla ramosissima,Lagophylla,ramosissima,,,lagram,common hareleaf,,,C,C,x,,,h,,C,C,,C,,10-May,y,n,,t,,nh
POACEAE (GRAMINEAE),GRASS FAMILY,laau,lamaur,Lamarckia aurea,Lamarckia,aurea,,,lamaur,,,,,,,,,ia,,,,,,,,,i,,b,,ia
ASTERACEAE,SUNFLOWER FAMILY,laca,lascal,Lasthenia californica (L. chrysotoma),Lasthenia,californica,,Lasthenia chrysotoma,lascal,goldfields,C,C,C,C,C,,,h,C,C,C,,C,,05-Mar,y,n,y,h,,nh
POLYGONACEAE,BUCKWHEAT FAMILY,laco,lascor,Lastarriaea coriacea (Chorizanthe c.),Lastarriaea,coriacea,,Chorizanthe coriacea,lascor,,,,,x,,,,h,,,,,,x,06-Apr,,n,,t,,nh
ASTERACEAE,SUNFLOWER FAMILY,lade,lasdeb,Lasthenia debilis,Lasthenia,debilis,,,lasdeb,goldfields,x,x,,,,,,h,x,x,,,,,05-Mar,y,n,,h,,nh
ASTERACEAE,SUNFLOWER FAMILY,lafe,lasfer,Lasthenia ferrisiae,Lasthenia,ferrisiae,,,lasfer,goldfields,x,x,,,,,,h,x,,,,,,06-Feb,y,n,,h,,nh
ASTERACEAE,SUNFLOWER FAMILY,lafr,lasfre,Lasthenia fremontii,Lasthenia,fremontii,,,lasfre,goldfields,x,x,,,,,,h,x,,,,,,05-Mar,y,n,,h,,nh
ASTERACEAE,SUNFLOWER FAMILY,laglco,lasgla,Lasthenia glabrata ssp coulteri,Lasthenia,glabrata,coulteri,,lasgla,,,,,,,,,nh,,,,,,,,,n,,cs,,nh
ASTERACEAE,SUNFLOWER FAMILY,lami1,lasmic,Lasthenia microglossa,Lasthenia,microglossa,,,lasmic,,,,,,,,,nh,,,,,,,,,n,,"b,dk",,nh
ASTERACEAE,SUNFLOWER FAMILY,lami2,lasmin,Lasthenia minor,Lasthenia,minor,,,lasmin,goldfields,,,x,,,,,h,,x,,,,,04-Mar,y,n,y,h,,nh
ASTERACEAE,SUNFLOWER FAMILY,lasth,lasthe,Lasthenia sp.,Lasthenia,sp.,,,lasthe,goldfields,,,,,,,,h,,,,,,,,,n,,,,nh
ASTERACEAE,SUNFLOWER FAMILY,lagl,laygla,Layia glandulosa,Layia,glandulosa,,,laygla,,,,,,,x,,h,,,,x,,,05-Apr,y,n,,h,,nh
ASTERACEAE,SUNFLOWER FAMILY,lahe,layhet,Layia heterotricha*,Layia,heterotricha,,,layhet,pale-yellow layia. rare,,,,,,,,h,,,,,,,06-Mar,w,n,,h,,nh
ASTERACEAE,SUNFLOWER FAMILY,lamu,laymun,Layia munzii*,Layia,munzii,,,laymun,Munz's tidy tips. uncommon,C,C,x,,,,,h,C,x,,,,,04-Mar,y,n,,t,,nh
ASTERACEAE,SUNFLOWER FAMILY,lape,laypen,Layia pentachaeta ssp albida,Layia,pentachaeta,albida,,laypen,tidy tips,x,x,x,,,,,h,x,x,,,,,04-Mar,y,n,,t,,nh
ASTERACEAE,SUNFLOWER FAMILY,lapl,laypla,Layia platyglossa,Layia,platyglossa,,,laypla,tidy tips,C,C,x,,,,,h,C,x,,,,,06-Feb,y,n,,t,,nh
BRASSICACEAE,MUSTARD FAMILY,lediva,lediva,Lepidium dictyotum vacutidens,Lepidium,dictyotum,acutidens,,lediva,sharp-toothed peppergrass,x,x,,,,,,h,x,,,,,,05-Mar,w,n,,t,,nh
BRASSICACEAE,MUSTARD FAMILY,ledi,lepdic,Lepidium dictyotum,Lepidium,dictyotum,,,lepdic,alkali peppergrass,C,C,C,,,,,h,C,C,C,,C,,05-Apr,w,n,,t,,nh
BRASSICACEAE,MUSTARD FAMILY,leja,lepjar,Lepidium jaredii*,Lepidium,jaredii,,,lepjar,Jared's peppergrass. rare,C,C,x,,,,,h,C,x,x,,,,05-Apr,y,n,,t,,nh
BRASSICACEAE,MUSTARD FAMILY,lela,leplas,Lepidium lasiocarpum vlasiocarpum,Lepidium,lasiocarpum,lasiocarpum,,leplas,peppergrass,,,x,,,,,h,,x,,,,,03-Feb,w,n,,h,,nh
BRASSICACEAE,MUSTARD FAMILY,leni,lepnit,Lepidium nitidum,Lepidium,nitidum,,,lepnit,common peppergrass,C,C,C,C,C,,,h,C,C,C,,C,,04-Feb,w,n,y,t,,nh
ASTERACEAE,SUNFLOWER FAMILY,lesq,lepsqu,Lepidospartum squamatum,Lepidospartum,squamatum,,,lepsqu,scale-broom,,,,C,C,,,s,,,C,,,x,10-Aug,y,n,,t,,ns
ASTERACEAE,SUNFLOWER FAMILY,lefi,lesfil,Lessingia filaginifolia (Corethrogyne f.),Lessingia,filaginifolia,,Corethrogyne filaginifolia,lesfil,California aster,,,,C,x,,,s,,,C,,x,C,08-May,py,n,,t,,ns
ASTERACEAE,SUNFLOWER FAMILY,legl,lesgla,Lessingia glandulifera (L. germanorum),Lessingia,glandulifera,,Lessingia germanorum,lesgla,,,,C,,,,,h,,C,x,,,,11-May,y,n,,h,,nh
ASTERACEAE,SUNFLOWER FAMILY,lele,leslem,Lessingia lemmonii v lemmonii,Lessingia,lemmonii,lemmonii,,leslem,,,,,,,,,h,,,,x,,,,,n,,h,,nh
ASTERACEAE,SUNFLOWER FAMILY,lete,lesten,Lessingia tenuis,Lessingia,tenuis,,,lesten,spring lessingia,,,x,,,,,h,,x,,,,,07-May,y,n,,h,,nh
POACEAE (GRAMINEAE),GRASS FAMILY,letr,leytri,Leymus triticoides (Elymus t.),Leymus,triticoides,,Elymus triticoides,leytri,alkali wildrye,,C,,C,x,,,pg,C,,C,,,,08-May,,n,,t,,npg
POLEMONIACEAE,PHLOC FAMILY,liau,linaur,Linanthus aureus ssp decorus,Linanthus,aureus,decorus,,linaur,,,,,x,,,,h,,,,,x,,07-Mar,w,n,,k,,nh
POLEMONIACEAE,PHLOC FAMILY,libi1,linbic,Linanthus bicolor,Linanthus,bicolor,,,linbic,,,,,,,,,nh,,,,,,,,,n,,h,,nh
POLEMONIACEAE,PHLOC FAMILY,libi2,linbig,Linanthus bigelovii,Linanthus,bigelovii,,,linbig,Bigelow's linanthus,,,x,,,,,h,,x,,,,,05-Mar,w,n,,h,,nh
POLEMONIACEAE,PHLOC FAMILY,lidi,lindic,Linanthus dichotomus,Linanthus,dichotomus,,,lindic,evening snow,,,C,C,x,,,h,,,C,,x,,06-Mar,w,n,,t,,nh
POLEMONIACEAE,PHLOC FAMILY,lili,linlin,Linanthus liniflorus,Linanthus,liniflorus,,,linlin,flax-flowered linanthus,,x,C,C,C,x,,h,x,C,C,,C,,07-May,w,n,,t,,nh
POLEMONIACEAE,PHLOC FAMILY,lipa,linpar,Linanthus parviflorus,Linanthus,parviflorus,,,linpar,,,,,x,,,,h,,,,,,x,05-Apr,w,n,,t,,nh
SAXIFRAGACEAE,,licy,litcym,Lithophragma cymbilaria,Lithophragma,cymbilaria,,,litcym,,,,,,,,,np,,,,,,,,,n,,"b,dk",,np
POLEMONIACEAE,PHLOC FAMILY,losc1,loesch,Loeseliastrum schotti (Langloisia s.),Loeseliastrum,schotti,,Langloisia schotti,loesch,,,,,,,,,h,,,,,x,x,06-Mar,,n,,h,,nh
CARYOPHYLLACEAE,PINK FAMILY,losq,loesqu,Loeflingia squarrosa,Loeflingia,squarrosa,,,loesqu,,,,,,,,,nh,,,,,,,,,n,,cs,,nh
POACEAE (GRAMINEAE),GRASS FAMILY,lomu,lolmul,Lolium multiflorum,Lolium,multiflorum,,,lolmul,,,,,,,,,ipg,,,,,,,,,i,,s,,ipg
POACEAE (GRAMINEAE),GRASS FAMILY,lope,lolper,Lolium perenne,Lolium,perenne,,,lolper,,,,,,,,,ipg,,,,,,,,,i,,b,,ipg
APIACEAE,CARROT FAMILY,loma,lomati,Lomatium sp.,Lomatium,sp.,,,lomati,wild parsley,,x,C,,,,,h,,C,C,,C,,06-Feb,y,n,,t,,
APIACEAE,CARROT FAMILY,loca,lomcar,Lomatium caruifolium,Lomatium,caruifolium,,,lomcar,biscuitroot,,,x,,,,,h,,x,,,,,04-Mar,y,n,,t,,nh
APIACEAE,CARROT FAMILY,lomo,lommoh,Lomatium mohavense,Lomatium,mohavense,,,lommoh,,,,,,,,,h,,,,x,,,,,n,,h,,nh
APIACEAE,CARROT FAMILY,lout,lomutr,Lomatium utriculatum,Lomatium,utriculatum,,,lomutr,wild parsley,,x,C,,,,,h,,C,C,,C,,06-Feb,y,n,,t,,nh
CAPRIFOLIACEAE,HONEYSUCKLE FAMILY,losu,lonsub,Lonicera subspicata,Lonicera,subspicata,,,lonsub,honeysuckle,,,,,x,x,,v,,,x,x,,,08-Mar,y,n,,h,,nv
FABACEAE,LEGUME FAMILY (PEA FAMILY),lohu,lothum,Lotus humistratus,Lotus,humistratus,,,lothum,hill lotus,,,,x,,,,h,,,x,,,,07-Feb,y,n,,t,,nh
FABACEAE,LEGUME FAMILY (PEA FAMILY),losa,lotsal,Lotus salsuginosus,Lotus,salsuginosus,,,lotsal,,,,,x,,,,h,,,,,,x,06-Mar,w,n,,h,,nh
FABACEAE,LEGUME FAMILY (PEA FAMILY),losc2,lotsco,Lotus scoparius,Lotus,scoparius,,,lotsco,"Calif. broom, deerweed",,,,x,,,,s,,,,,,x,11-Mar,y,n,,t,,ns
FABACEAE,LEGUME FAMILY (PEA FAMILY),lost,lotstr,Lotus strigosus,Lotus,strigosus,,,lotstr,,,,,,,,,h,,,,,x,,,,n,,h,,nh
FABACEAE,LEGUME FAMILY (PEA FAMILY),lowr,lotwra,Lotus wrangelianus,Lotus,wrangelianus,,,acmwra,calf lotus,,x,C,C,x,,,h,x,C,C,,,C,06-Mar,y,n,,t,,nh
FABACEAE,LEGUME FAMILY (PEA FAMILY),lumiho,lumiho,Lupinus microcarpus v horizontalis,Lupinus,microcarpus,horizontalis,,lumiho,chick lupine,,C,C,C,x,,,h,,C,C,,x,,05-Mar,p,n,,h,,nh
FABACEAE,LEGUME FAMILY (PEA FAMILY),lumimi,lumimi,Lupinus microcarpus v microcarpus (L. ruber),Lupinus,microcarpus,microcarpus,Lupinus ruber,lumimi,chick lupine,,,x,,,,,h,,,,,,x,06-Mar,p,n,,t,,nh
FABACEAE,LEGUME FAMILY (PEA FAMILY),lual,lupalb,Lupinus albifrons,Lupinus,albifrons,,,lupalb,silver bush lupine,,,,C,C,,,s,,,C,,x,,06-Mar,p,n,,t,,ns
FABACEAE,LEGUME FAMILY (PEA FAMILY),lubi,lupbic,Lupinus bicolor,Lupinus,bicolor,,,lupbic,miniature lupine,,,x,x,,,,h,,,,,x,,05-Mar,b,n,,t,,nh
FABACEAE,LEGUME FAMILY (PEA FAMILY),lumi,lupmic,Lupinus microcarpus,Lupinus,microcarpus,,,lupmic,,,C,C,C,x,,,h,,C,C,,x,,05-Mar,p,n,,h,,nh
FABACEAE,LEGUME FAMILY (PEA FAMILY),luna,lupnan,Lupinus nanus,Lupinus,nanus,,,lupnan,sky lupine,,,x,,,,,h,,,,,x,,05-Feb,b,n,,t,,nh
FABACEAE,LEGUME FAMILY (PEA FAMILY),lusu,lupsuc,Lupinus succulentus,Lupinus,succulentus,,,lupsuc,arroyo lupine,,,,,,,,h,,,,,,,05-Feb,,n,,m,,nh
SOLANACEAE,NIGHTSHADE FAMILY,lyan,lycand,Lycium andersonii,Lycium,andersonii,,,lycand,box thorn,,,,x,,,,s,,,,,x,,05-Mar,w,n,,h,,ns
MORACEAE,MULBERRY FAMILY,mapo,macpom,Maclura pomiferaro,Maclura,pomiferaro,,,macpom,osage orange,,,,,,,,t,,,,,,,,,i,,v,,it
ASTERACEAE,SUNFLOWER FAMILY,mael,madele,Madia elegans,Madia,elegans,,,madele,common madia,,,x,,,,,h,,x,,,,,06-May,y,n,,h,,nh
,,madia,madisp,Madia sp.,Madia,sp.,,,madisp,,,,,,,,,h,,,,,,,,,n,,,,nh
ASTERACEAE,SUNFLOWER FAMILY,maca,malcal,Malacothrix californica,Malacothrix,californica,,,malcal,wild marigold,,,x,,,,,h,,x,,,,,06-Apr,y,n,,t,,nh
ASTERACEAE,SUNFLOWER FAMILY,maco,malcou,Malacothrix coulteri,Malacothrix,coulteri,,,malcou,snake's-head,,x,C,C,,,,h,,x,C,,C,,05-Mar,y,n,,t,,nh
ASTERACEAE,SUNFLOWER FAMILY,magl,malgla,Malacothrix glabrata,Malacothrix,glabrata,,,malgla,desert dandelion,,,x,x,,,,h,,,x,,,,05-Apr,y,n,,t,,nh
MALVACEAE,MALLOW FAMILY,male,mallep,Malvella leprosa,Malvella,leprosa,,,mallep,alkali-mallow,,,x,,,,,h,,,x,,,,10-May,w,n,,c,,nh
MALVACEAE,MALLOW FAMILY,mapa,malpar,Malva parviflora,Malva,parviflora,,,malpar,cheeseweed,,,x,,,,,h,,x,,,,,all,w,i,,h,,ih
CUCURBITACEAE,GOURD FAMILY,mafa,marfab,Marah fabaceus,Marah,fabaceus,,,marfab,California man-root,,,,C,C,x,,v,,,C,x,x,,06-Jan,w,n,,h,,nv
LAMIACEAE,MINT FAMILY,mavu,marvul,Marrubium vulgare,Marrubium,vulgare,,,marvul,horehound,,x,C,C,,,,p,x,C,C,,x,,09-Mar,w,i,,t,,ip
FABACEAE,LEGUME FAMILY (PEA FAMILY),mepo,medpol,Medicago polymorpha,Medicago,polymorpha,,,medpol,California burclover,,,x,,,,,h,,,x,,,,06-Mar,y,i,,t,,ih
FABACEAE,LEGUME FAMILY (PEA FAMILY),mesa,medsat,Medicago sativa,Medicago,sativa,,,medsat,,,,,,,,,ip,,,,,,,,,i,,"b,dk",,ip
MELIACEAE,,meaz,melaze,Melia azedarach,Melia,azedarach,,,melaze,,,,,,,,,is,,,,,,,,,i,,b,,is
POACEAE (GRAMINEAE),GRASS FAMILY,meca,melcal,Melica californica,Melica,californica,,,melcal,,,,,,,,,npg,,,,,,,,,n,,"b,dk",,npg
POACEAE (GRAMINEAE),GRASS FAMILY,meim,melimp,Melica imperfecta,Melica,imperfecta,,,melimp,small-flowered melic,,,,,,x,,pg,,,,,,x,07-Mar,,n,,t,,npg
FABACEAE,LEGUME FAMILY (PEA FAMILY),mein,melind,Melilotus indica,Melilotus,indica,,,melind,,,,,,,,,ih,,,,,,,,,i,,"b,dk",,ih
LOASACEAE,LOASA FAMILY,meaf,menaff,Mentzelia affinis,Mentzelia,affinis,,,menaff,blazing star,,,C,C,x,,,h,,,C,,C,,06-Mar,y,n,,t,,nh
LOASACEAE,LOASA FAMILY,meal,menalb,Mentzelia albicaulis,Mentzelia,albicaulis,,,menalb,blazing star,,,,x,,,,h,,,,x,,,06-Mar,w,n,,h,,nh
LAMIACEAE,MINT FAMILY,mear,menarv,Mentha arvensis,Mentha,arvensis,,,menarv,mint,,,,,,,x,h,,,,,,,10-Jul,w,i,,c,,ih
LOASACEAE,LOASA FAMILY,medi,mendis,Mentzelia dispersa,Mentzelia,dispersa,,,mendis,blazing star,,,x,,,,,h,,x,,,,,07-May,y,n,,t,,nh
LOASACEAE,LOASA FAMILY,megr,mengra,Mentzelia gracilenta,Mentzelia,gracilenta,,,mengra,blazing star,,,,,,x,,h,,,,x,,,06-May,y,n,,h,,nh
LOASACEAE,LOASA FAMILY,mepe,menpec,Mentzelia pectinata,Mentzelia,pectinata,,,menpec,San Joaquin blazing star,,,x,,,,,h,,x,,,,,04-Jan,o,n,,t,,nh
ASTERACEAE,SUNFLOWER FAMILY,mica1,miccal,Micropus californicus v calif.,Micropus,californicus,californicus,,miccal,,,,,,,,,nh,,,,,,,,,n,,f,,nh
ASTERACEAE,SUNFLOWER FAMILY,mica2,miccam,Microseris campestris,Microseris,campestris,,,miccam,,,,x,,,,,h,,,,,x,,05-Apr,wy,n,,t,,nh
ASTERACEAE,SUNFLOWER FAMILY,mido1,micdou,Microseris douglasii,Microseris,douglasii,,,micdou,Douglas's microseris,,,x,,,,,h,,,,,x,,06-Mar,wy,n,,t,,nh
ASTERACEAE,SUNFLOWER FAMILY,miel,micele,Microseris elegans,Microseris,elegans,,,micele,,,,x,,,,,h,,x,,,,,05-Mar,y,n,,t,,nh
ASTERACEAE,SUNFLOWER FAMILY,micro,micros,Microseris sp.,Microseris,sp.,,,micros,,,,,,,,,h,,,,,,,,,n,,,,nh
SCROPHULARIACEAE,FIGWORT FAMILY,migu,mimgut,Mimulus guttatus,Mimulus,guttatus,,,mimgut,common monkeyflower,,,,,,,x,h,,,,,,,10-Mar,y,n,,t,,nh
CARYOPHYLLACEAE,PINK FAMILY,mido2,mindou,Minuartia douglasii,Minuartia,douglasii,,,mindou,,,,,,,,,nh,,,,,,,,,n,,f,,nh
NYCTAGINACEAE,FOUR O'CLOCK FAMILY,mica3,mircal,Mirabilis californica,Mirabilis,californica,,,mircal,wishbone bush,,,,x,,,,s,,,,,x,,07-Jan,p,n,,h,,ns
NYCTAGINACEAE,FOUR O'CLOCK FAMILY,mimu,mirmul,Mirabilis multiflora,Mirabilis,multiflora,,,mirmul,giant four o'clock,,,,x,,,,s,,,,,x,,06-Jan,p,n,,h,,ns
LAMIACEAE,MINT FAMILY,mobr,monbre,Monardella breweri,Monardella,breweri,,,monbre,,,,,,,,,h,,,,x,,,,,n,,h,,nh
ASTERACEAE,SUNFLOWER FAMILY,leco,moncon,Monolopia congdonii*,Monolopia,congdonii,,,moncon,San Joaquin woolly threads Listed endangered (U.S.),,,C,x,,,,h,,C,x,,C,,04-Feb,y,n,,t,was Lembertia congdonii,nh
ASTERACEAE,SUNFLOWER FAMILY,mola,monlan,Monolopia lanceolata,Monolopia,lanceolata,,,monlan,hillside daisy,,C,C,C,x,,,h,C,C,C,C,C,C,05-Mar,y,n,,t,,nh
CHENOPODIACEAE,GOOSEFOOT FAMILY,monu,monnut,Monolepis nuttalliana,Monolepis,nuttalliana,,,monnut,poverty weed,x,,,,,,,h,x,,,,,,06-Mar,,n,,h,,nh
ASTERACEAE,SUNFLOWER FAMILY,most,monstr,Monolopia stricta,Monolopia,stricta,,,monstr,woolly hilltop daisy,x,x,x,,,,,h,,,x,,,x,04-Mar,y,n,,t,,nh
Moss,Moss,Moss,Moss,,,,,,Moss,Moss,,,,,,,,,,,,,,,,,,,,,
POLYGONACEAE,BUCKWHEAT FAMILY,mupe,mucper,Mucronea perfoliata (Chorizanthe p.),Mucronea,perfoliata,,Chorizanthe perfoliata,mucper,perfoliate spineflower,,,,x,,,,h,,,,,,x,07-May,p,n,,t,,nh
LILIACEAE (AMARYLLIDACEAE),LILY FAMILY,muma,muimar,Muilla maritima,Muilla,maritima,,,muimar,,,,,,,,,p,,,,,,,06-Mar,,n,,n,,np
RANUNCULACEAE,BUTTERCUP FAMILY,mymi,myomin,Myosurus minimus,Myosurus,minimus,,,myomin,mousetail,x,,,,,,,h,x,,,,,,04-Mar,w,n,,h,,nh
HYDROPHYLLACEAE,WATERLEAF FAMILY,naca,namcal,Nama californicum (Lemmonia c.),Nama,californicum,,Lemmonia californicum,namcal,purple mat,,,,,,,,h,,,,x,,,,,n,,h,,nh
POACEAE (GRAMINEAE),GRASS FAMILY,nace,nascer,Nasella cernua (Stipa c.),Nasella,cernua,,Stipa cernua,nascer,nodding needlegrass,,,x,C,x,x,,pg,,,C,,x,C,07-Apr,,n,,t,,npg
POACEAE (GRAMINEAE),GRASS FAMILY,napu,naspul,Nasella pulchra (Stipa p.),Nasella,pulchra,,Stipa pulchra,naspul,purple needlegrass,,,,x,,,,pg,,,x,,,,05-Mar,,n,,k,,npg
POLEMONIACEAE,PHLOC FAMILY,naat,navatr,Navarretia atractyloides,Navarretia,atractyloides,,,navatr,holly-leaved navarretia,,,,x,,,,h,,,x,,,,07-May,p,n,,h,,nh
POLEMONIACEAE,PHLOC FAMILY,naja,navjar,Navarretia jaredii (N. mitracarpa),Navarretia,jaredii,,Navarretia mitracarpa,navjar,Paso Robles navarretia,,,,x,,,,h,,,,,,x,06-May,b,n,,t,,nh
HYDROPHYLLACEAE,WATERLEAF FAMILY,neme,nemmen,Nemophila menziesii,Nemophila,menziesii,,,nemmen,baby blue-eyes,,,C,,,,,h,,C,,,,,05-Feb,b,n,,t,,nh
CAMPANULACEAE,BELLFLOWER FAMILY,netw,nemtwi,Nemacladus twisselmanii,Nemacladus,twisselmanii,,,nemtwi,,,,,,,,,nh,,,,,,,,,n,,"b,dw",,nh
SOLANACEAE,NIGHTSHADE FAMILY,nigl,nicgla,Nicotiana glauca,Nicotiana,glauca,,,nicgla,tree tobacco,,,,,,,,p,,,x,,,,09-Apr,,i,,l,,ip
SOLANACEAE,NIGHTSHADE FAMILY,niqu,nicqua,Nicotiana quadrivalvis,Nicotiana,quadrivalvis,,,nicqua,tobacco,,,,x,,,,h,,,,x,,,10-May,w,n,,h,,nh
ONAGRACEAE,EVENING PRIMROSE FAMILY,oede,oendel,Oenothera deltoides,Oenothera,deltoides,,,oendel,devil's lantern,,,,,,,,h,,,x,,,,05-Mar,w,n,,m,,nh
PAEONIACEAE,PEONY FAMILY,paca1,paecal,Paeonia californica,Paeonia,californica,,,paecal,California peony,,,,x,,,,h,,,x,,,,03-Jan,r,n,,c,,nh
CAMPANULACEAE,BELLFLOWER FAMILY,paca2,parcal,Parishella californica,Parishella,californica,,,parcal,,,,,x,,,,h,,,,x,,,05-Apr,w,n,,h,,nh
URTICACEAE,NETTLE FAMILY,pahe,parhes,Parietaria hespera (P. floridana),Parietaria,hespera,,Parietaria floridana,parhes,pellitory,,,,x,,,,h,,,x,,,,06-Mar,,n,,h,,nh
BORAGINACEAE,BORAGE FAMILY,pehe,pechet,Pectocarya heterocarpa,Pectocarya,heterocarpa,,,pechet,,,,,,,,,nh,,,,,,,,,n,,h,,nh
BORAGINACEAE,BORAGE FAMILY,pepe,pecpen,Pectocarya penicillata,Pectocarya,penicillata,,,pecpen,winged pectocarya,x,C,C,C,C,,,h,C,C,C,,C,C,04-Jan,w,n,,t,,nh
BORAGINACEAE,BORAGE FAMILY,pese,pecset,Pectocarya setosa,Pectocarya,setosa,,,pecset,bristly pectocarya,,,,x,,,,h,,,,,,x,04-Jan,w,n,,t,,nh
PTERIDACEAE,BRAKE FAMILY,pean,peland,Pellaea andromedifolia,Pellaea,andromedifolia,,,peland,,,,,,,,,np,,,,,,,,,n,,f,,np
PTERIDACEAE,BRAKE FAMILY,pemu,pelmuc,Pellaea mucronata,Pellaea,mucronata,,,pelmuc,bird's-foot fern,,,,,,,x,f,,,,,,,06-Dec,,n,,k,,nf
SCROPHULARIACEAE,FIGWORT FAMILY,pece,pencen,Penstemon centranthifolius,Penstemon,centranthifolius,,,pencen,scarlet bugler,,,,x,C,x,,h,,,x,,x,x,07-Feb,r,n,,t,,nh
ASTERACEAE,SUNFLOWER FAMILY,pefr,penfra,Pentachaeta fragilis,Pentachaeta,fragilis,,,penfra,,,,,,,,,h,,,,x,,,,,n,,h,,nh
PTERIDACEAE,BRAKE FAMILY,petr,pentri,Pentogramma triangularis,Pentogramma,triangularis,,,pentri,,,,,,,,,np,,,,,,,,,n,,"b,dk",,np
APIACEAE,CARROT FAMILY,pepr,perpri,Perideridea pringlei,Perideridea,pringlei,,,perpri,Pringle's yampah,,,,,,,,p,,,,x,,,,,n,,h,,np
HYDROPHYLLACEAE,WATERLEAF FAMILY,phaf,phaaff,Phacelia affinis,Phacelia,affinis,,,phaaff,,,,,,,,,h,,,,x,,,,,n,,h,,nh
POACEAE (GRAMINEAE),GRASS FAMILY,phca,phacan,Phalaris canariensis,Phalaris,canariensis,,,phacan,reed grass,,,,,,,,a,,,,,,,07-Apr,,i,,n,,ia
HYDROPHYLLACEAE,WATERLEAF FAMILY,phcihi,phacic,Phacelia cicutaria v hispida,Phacelia,cicutaria,hispida,,phacic,,,,,,,,,nh,,,,,,,,,n,,cs,,nh
HYDROPHYLLACEAE,WATERLEAF FAMILY,phci,phacil,Phacelia ciliata,Phacelia,ciliata,,,phacil,valley phacelia,x,C,C,x,,,,h,C,C,x,,x,,07-Mar,b,n,,t,,nh
HYDROPHYLLACEAE,WATERLEAF FAMILY,phcr,phacry,Phacelia cryptantha,Phacelia,cryptantha,,,phacry,sheltered phacelia,,,x,,,,,h,,,,,x,,06-Apr,b,n,,h,,nh
HYDROPHYLLACEAE,WATERLEAF FAMILY,phdi,phadis,Phacelia distans,Phacelia,distans,,,phadis,common phacelia,,,x,,,,,h,,,,,x,,05-Feb,b,n,,t,,nh
HYDROPHYLLACEAE,WATERLEAF FAMILY,phdo,phadou,Phacelia douglasii,Phacelia,douglasii,,,phadou,Douglas phacelia,,,x,,,,,h,x,,,,,,06-Mar,b,n,,t,,nh
HYDROPHYLLACEAE,WATERLEAF FAMILY,pheg,phaege,Phacelia egena,Phacelia,egena,,,phaege,rock phacelia,,,,x,,,,p,,,x,,,,07-Jun,w,n,,t,,np
HYDROPHYLLACEAE,WATERLEAF FAMILY,phfr,phafre,Phacelia fremontii,Phacelia,fremontii,,,phafre,Fremont's phacelia,,,x,x,,,,h,,,,,x,,06-Apr,b,n,,t,,nh
HYDROPHYLLACEAE,WATERLEAF FAMILY,phim,phaimb,Phacelia imbricata,Phacelia,imbricata,,,phaimb,,,,,,,,,np,,,,,,,,,n,,"b,dk",,np
HYDROPHYLLACEAE,WATERLEAF FAMILY,phra,pharam,Phacelia ramosissima,Phacelia,ramosissima,,,pharam,,,,,,,,,np,,,,,,,,,n,,b,,np
HYDROPHYLLACEAE,WATERLEAF FAMILY,phta,phatan,Phacelia tanacetifolia,Phacelia,tanacetifolia,,,phatan,tansy phacelia,,,,C,x,,,h,,,C,,x,,05-Mar,b,n,,t,,nh
POLEMONIACEAE,PHLOC FAMILY,phgr,phlgra,Phlox gracilis (Microsteris g.),Phlox,gracilis,,Microsteris gracilis,phlgra,slender phlox,C,C,C,C,x,,,h,C,C,C,,C,C,06-Mar,p,n,,t,,nh
VISCACEAE,MISTLETOE FAMILY,phde,phoden,Phoradendron densum (P. bolleanum),Phoradendron,densum,,Phoradendron bolleanum,phoden,dense mistletoe,,,,,,x,,s,,,,x,,,,w,n,,h,,ns
VISCACEAE,MISTLETOE FAMILY,phju,phojun,Phoradendron juniperinum,Phoradendron,juniperinum,,,phojun,juniper mistletoe,,,,,x,,,s,,,,x,,,,w,n,,h,,ns
HYDROPHYLLACEAE,WATERLEAF FAMILY,phme,phomem,Pholistoma membranaceum,Pholistoma,membranaceum,,,phomem,white fiesta flower,,,,x,,,,h,,,,,x,,05-Mar,w,n,,h,,nh
VISCACEAE,MISTLETOE FAMILY,phvi,phovil,Phoradendron villosum,Phoradendron,villosum,,,phovil,,,,,,,,,ns,,,,,,,,,n,,"b,dk",,ns
MARSILEACEAE,MARSILEA FAMILY,piam,pilame,Pilularia americana,Pilularia,americana,,,pilame,pillwort,x,,,,,,x,f,,,,,,,04-Jan,,n,,h,,nf
PINACEAE,PINE FAMILY,pimo,pinmon,Pinus monophylla,Pinus,monophylla,,,pinmon,singleleaf pinyon,,,,,,x,,t,,,,x,,,,,n,,h,,nt
BORAGINACEAE,BORAGE FAMILY,plac,plaaca,Plagiobothrys acanthocarpus,Plagiobothrys,acanthocarpus,,,plaaca,adobe allocarya,,,x,,,,,h,,x,,,,,04-Jan,w,n,,t,,nh
BORAGINACEAE,BORAGE FAMILY,plar,plaari,Plagiobothrys arizonicus,Plagiobothrys,arizonicus,,,plaari,Arizona popcorn flower,,C,C,C,,,,h,,x,C,,C,C,06-Mar,w,n,,t,,nh
PAPAVERACEAE,POPPY FAMILY,plca2,placal,Platystemon californicus,Platystemon,californicus,,,placal,cream cups,,x,C,C,C,,,h,,C,C,,C,,06-Feb,wy,n,,t,,nh
BORAGINACEAE,BORAGE FAMILY,plca1,placan,Plagiobothrys canescens,Plagiobothrys,canescens,,,placan,valley popcorn flower,,,x,,,,,h,,x,,,,,06-Feb,w,n,,t,,nh
PLANTAGINACEAE,PLAINTAIN FAMILY,plel,plaelo,Plantago elongata,Plantago,elongata,,Plantago bigelovii,plaelo,plaintain,,x,,,,,,h,x,,,,,,06-Apr,,n,,h,,nh
PLANTAGINACEAE,PLAINTAIN FAMILY,pler,plaere,Plantago erecta,Plantago,erecta,,,plaere,Indian wheat,,,C,C,,,,h,,x,C,,x,x,05-Mar,,n,,t,,nh
BORAGINACEAE,BORAGE FAMILY,plle,plalep,Plagiobothrys leptocladus,Plagiobothrys,leptocladus,,,plalep,alkali plagiobothrys,x,x,,,,,,h,x,,,,,,06-Mar,w,n,,h,,nh
BORAGINACEAE,BORAGE FAMILY,plno,planot,Plagiobothrys nothofulvus,Plagiobothrys,nothofulvus,,,planot,popcorn flower,,,x,,,,,p,,x,,,,,06-Feb,w,n,,k,,np
PLANTAGINACEAE,PLAINTAIN FAMILY,plov,plaova,Plantago ovata,Plantago,ovata,,Plantago insularis,plaova,plaintain,,,,x,,,,h,,,,,x,,04-Feb,,n,,t,,nh
PLANTAGINACEAE,PLAINTAIN FAMILY,plra,plarac,Platanus racemosa,Platanus,racemosa,,,plarac,,,,,,,,,nt,,,,,,,,,n,,b,,nt
BORAGINACEAE,BORAGE FAMILY,plte,platen,Plagiobothrys tenellus,Plagiobothrys,tenellus,,,platen,,,,,,,,,nh,,,,,,,,,n,,b,,nh
VALERIANACEAE,,plma,plemac,Plectritis macrocera,Plectritis,macrocera,,,plemac,,,,,,,,,nh,,,,,,,,,n,,"b,dk",,nh
POACEAE (GRAMINEAE),GRASS FAMILY,poan,poaann,Poa annua,Poa,annua,,,poaann,annual bluegrass,,,x,,,,,a,,x,,,,,07-Jan,,i,,t,,ia
POACEAE (GRAMINEAE),GRASS FAMILY,pobu,poabul,Poa bulbosa,Poa,bulbosa,,,poabul,bulbous bluegrass,,,x,,,,,pg,,,x,,,,07-Apr,,i,,n,,ipg
POACEAE (GRAMINEAE),GRASS FAMILY,pose,poasec,Poa secunda ssp secunda (P. scabrella),Poa,secunda,secunda,Poa scabrella,poasec,one-sided bluegrass,C,C,C,C,C,C,,pg,C,C,C,C,C,C,07-Apr,,n,,t,,npg
POLYGONACEAE,BUCKWHEAT FAMILY,poar,polare,Polygonum arenastrum,Polygonum,arenastrum,,,polare,,,,,,,,,"ih,ip",,,,,,,,,i,,"b,w",,"ih,ip"
POACEAE (GRAMINEAE),GRASS FAMILY,pomo,polmon,Polypogon monspeliensis,Polypogon,monspeliensis,,,polmon,annual beard grass,,,,,,,x,a,,,,,,,08-Apr,,i,,t,,ia
SALICACEAE,WILLOW FAMILY,pofr,popfre,Populus fremontii ssp fremontii,Populus,fremontii,fremontii,,popfre,Fremont cottonwood,,,,,,,x,t,,,,,,,04-Mar,,n,,t,,nt
FABACEAE,LEGUME FAMILY (PEA FAMILY),prgl,progla,Prosopis glandulosa v torreyana,Prosopis,glandulosa,torreyana,,progla,mesquite,,,,,,,,s,,,,,x,,06-Apr,,n,,l,,ns
ROSACEAE,ROSE FAMILY,prfa,prufas,Prunus fasciculata,Prunus,fasciculata,,,prufas,desert almond,,,,x,,,,s,,,x,,,,05-Mar,w,n,,c,,ns
ASTERACEAE,SUNFLOWER FAMILY,psbr,psibre,Psilocarphus brevissimus,Psilocarphus,brevissimus,,,psibre,woolly marbles,x,x,,,,,,h,x,,,,,,04-Mar,w,n,,h,,nh
ASTERACEAE,SUNFLOWER FAMILY,pssp,psilsp,Psilocarphus sp.,Psilocarphus,sp.,,,psilsp,woolly marbles,x,x,,,,,,h,x,,,,,,06-Mar,w,n,,t,,nh
POLYGONACEAE,BUCKWHEAT FAMILY,ptdr,ptedry,Pterostegia drymarioides,Pterostegia,drymarioides,,,ptedry,fairy mist,,,,x,,,,h,,,,,x,,07-Mar,y,n,,t,,nh
PUNICACEAE,,pugr,pungra,Punica granatum,Punica,granatum,,,pungra,,,,,,,,,is,,,,,,,,,i,,v,,is
FAGACEAE,OAK FAMILY,qudo,quedou,Quercus douglasii,Quercus,douglasii,,,quedou,blue oak,,,,x,x,C,,t,,,,C,x,,,,n,,t,,nt
FAGACEAE,OAK FAMILY,qujo,quejoh,Quercus john-tuckeri (Q. turbinella ssp calif.),Quercus,john-tuckeri,,Quercus turbinella californicus,quejoh,Tucker's oak,,,,,,x,,t,,,,,,x,06-May,,n,,t,,nt
RHAMNACEAE,,rhil,rhaili,Rhamnus ilicifolia,Rhamnus,ilicifolia,,,rhaili,,,,,,,,,ns,,,,,,,,,n,,b,,ns
GROSSULARIACEAE,GOOSEBERRY FAMILY,riqu,ribque,Ribes quercetorum,Ribes,quercetorum,,,ribque,oak gooseberry,,,,C,,,,s,,,C,,,,03-Jan,y,n,,h,,ns
FABACEAE,LEGUME FAMILY (PEA FAMILY),rops,robpse,Robinia pseudoacacia,Robinia,pseudoacacia,,,robpse,,,,,,,,,nt,,,,,,,,,n,,b,,nt
POLYGONACEAE,BUCKWHEAT FAMILY,rucr,rumcri,Rumex crispus,Rumex,crispus,,,rumcri,curly dock,,,,x,,,,p,,,,,,x,all,y,i,,t,,ip
POLYGONACEAE,BUCKWHEAT FAMILY,ruhy,rumhym,Rumex hymenosepalus,Rumex,hymenosepalus,,,rumhym,wild rhubarb,,,,x,,,,p,,,,,x,,04-Feb,p,n,,t,,np
SALICACEAE,WILLOW FAMILY,saba,salbab,Salix babylonicaro,Salix,babylonicaro,,,salbab,weeping willow,,,,,,,,t,,,,,,,,,i,,v,,it
LAMIACEAE,MINT FAMILY,saca,salcar,Salvia carduacea,Salvia,carduacea,,,salcar,thistle sage,,,x,C,C,,,h,,,C,,C,,05-Mar,p,n,,t,,nh
LAMIACEAE,MINT FAMILY,saco,salcol,Salvia columbariae,Salvia,columbariae,,,salcol,chia,,,,C,,,,h,,,C,,,,06-Mar,b,n,,t,,nh
SALICACEAE,WILLOW FAMILY,sago,salgoo,Salix goodingii,Salix,goodingii,,,salgoo,,,,,,,,,nt,,,,,,,,,n,,b,,nt
SALICACEAE,WILLOW FAMILY,sala,sallae,Salix laevigata,Salix,laevigata,,,sallae,red willow,,,,,,,x,t,,,,,,,05-Feb,,n,,t,,nt
LAMIACEAE,MINT FAMILY,sale,salleu,Salvia leucophylla,Salvia,leucophylla,,,salleu,purple sage,,,,C,C,,,s,,,C,C,,,06-Jan,p,n,,h,,ns
LAMIACEAE,MINT FAMILY,same1,salmel,Salvia mellifera,Salvia,mellifera,,,salmel,black sage,,,,x,x,,,s,,,,,,x,07-Jan,w,n,,h,,ns
CHENOPODIACEAE,GOOSEFOOT FAMILY,satr,saltra,Salsola tragus,Salsola,tragus,,,saltra,"tumbleweed, Russian thistle, synonym: Salsola kali (SALKAL)",,,C,,,,,h,,C,,,,,10-Jul,,i,,t,,ih
CAPRIFOLIACEAE,HONEYSUCKLE FAMILY,same2,sammex,Sambucus mexicana,Sambucus,mexicana,,,sammex,blue elderberry,,,,,x,x,,s,,,x,,,,11-Feb,w,n,,t,,ns
APIACEAE,CARROT FAMILY,sabi,sanbip,Sanicula bipinnata,Sanicula,bipinnata,,,sanbip,,,,,,,,,np,,,,,,,,,n,,"b,cs",,np
POACEAE (GRAMINEAE),GRASS FAMILY,scar,schara,Schismus arabicus,Schismus,arabicus,,,schara,"Mediterranean grass, Arabian sheepgrass",C,C,C,C,C,x,,a,C,C,C,C,C,C,05-Mar,,i,,t,,ia
POACEAE (GRAMINEAE),GRASS FAMILY,scba,schbar,Schismus barbatus,Schismus,barbatus,,,schbar,Mediterranean grass,,,,x,,,,a,,,,x,,,04-Mar,,i,,h,,ia
ANACARDIACEAE,SUMAC FAMILY,scmo,schmol,Schinus mollero,Schinus,mollero,,,schmol,Peruvian pepper tree,,,,,,,,t,,,,,,,,,i,,v,,it
CYPERACEAE,SEDGE FAMILY,scma,scimar,Scirpus maritimus,Scirpus,maritimus,,,scimar,,,,,,,,,npg,,,,,,,,,n,,f,,npg
ASTERACEAE,SUNFLOWER FAMILY,sebr,senbre,Senecio breweri,Senecio,breweri,,,senbre,,,,,,,,,np,,,,,,,,,n,,"b,dk",,np
ASTERACEAE,SUNFLOWER FAMILY,sefl,senfla,Senecio flaccidus v douglasii,Senecio,flaccidus,douglasii,,senfla,bush groundsel,,,,x,,,,s,,,x,,,,11-Feb,y,n,,t,,ns
ASTERACEAE,SUNFLOWER FAMILY,sevu,senvul,Senecio vulgaris,Senecio,vulgaris,,,senvul,common groundsel,,,,x,,,,h,,,x,,,,all,y,i,,t,,ih
BRASSICACEAE,MUSTARD FAMILY,siar,sinarv,Sinapis arvensis (Brassica kaber),Sinapis,arvensis,,Brassica kaber,sinarv,charlock,,,x,,,,,h,,x,,,,,10-Mar,y,i,,t,,ih
BRASSICACEAE,MUSTARD FAMILY,sial,sisalt,Sisymbrium altissimum,Sisymbrium,altissimum,,,sisalt,tumble mustard,,,x,,,,,h,,x,,,,,06-May,y,i,,h,,ih
BRASSICACEAE,MUSTARD FAMILY,siir,sisiri,Sisymbrium irio,Sisymbrium,irio,,,sisiri,London rocket,,,x,,,,,h,,x,,,,,04-Jan,y,i,,t,,ih
BRASSICACEAE,MUSTARD FAMILY,sior,sisori,Sisymbrium orientale,Sisymbrium,orientale,,,sisori,,,,,,,,,ih,,,,,,,,,i,,b,,ih
SOLANACEAE,NIGHTSHADE FAMILY,soum,solumb,Solanum umbelliferum,Solanum,umbelliferum,,,solumb,nightshade,,,,x,,,,p,,,x,,,,09-Mar,p,n,,h,,np
ASTERACEAE,SUNFLOWER FAMILY,soas,sonasp,Sonchus asper ssp asper,Sonchus,asper,asper,,sonasp,,,,,,,,,ih,,,,,,,,,i,,"b,dk",,ih
ASTERACEAE,SUNFLOWER FAMILY,sool,sonole,Sonchus oleraceus,Sonchus,oleraceus,,,sonole,common sow thistle,,,x,,,,,h,,x,,,,,all,y,i,,,,ih
POACEAE (GRAMINEAE),GRASS FAMILY,sobi,sorbic,Sorghum bicolor,Sorghum,bicolor,,,sorbic,sorghum,,,x,,,,,a,,,,,x,,08-May,,i,,c,,ia
POACEAE (GRAMINEAE),GRASS FAMILY,soha,sorhal,Sorghum halepense,Sorghum,halepense,,,sorhal,,,,,,,,,ipg,,,,,,,,,i,,s,,ipg
CARYOPHYLLACEAE,PINK FAMILY,spar,spearv,Spergula arvensis ssp arvensis,Spergula,arvensis,arvensis,,spearv,stickwort,x,x,,,,,,h,x,,,,,,all,w,i,,c,,ih
CARYOPHYLLACEAE,PINK FAMILY,spat,speatr,Spergularia atrosperma,Spergularia,atrosperma,,,speatr,sand spurrey,x,,,,,,,h,x,,,,,,05-Apr,w,n,,h,,nh
CARYOPHYLLACEAE,PINK FAMILY,spma,spemar,Spergularia marina,Spergularia,marina,,,spemar,sand spurrey,x,,,,,,,h,x,,,,,,09-Mar,w,n,,t,,nh
CARYOPHYLLACEAE,PINK FAMILY,spru,sperub,Spergularia rubra,Spergularia,rubra,,,sperub,,,,,,,,,"ih,ip",,,,,,,,,i,,"b,d",,"ih,ip"
LAMIACEAE,MINT FAMILY,stal,staalb,Stachys albens,Stachys,albens,,,staalb,,,,,,,,,np,,,,,,,,,n,,"b,dk",,np
BRASSICACEAE,MUSTARD FAMILY,stpi,stapin,Stanleya pinnata,Stanleya,pinnata,,,stapin,Prince's plume,,,,C,,,,h,,,x,,C,,12-May,y,n,,t,,nh
ASTERACEAE,SUNFLOWER FAMILY,stex,steexi,Stephanomeria exigua ssp coronaria,Stephanomeria,exigua,coronaria,,steexi,small wire lettuce,,,,C,x,,,h,,,x,C,C,C,10-Aug,p,n,,t,,nh
ASTERACEAE,SUNFLOWER FAMILY,sthe1,stehet,Stebbinsoseris heterocarpa,Stebbinsoseris,heterocarpa,,,stehet,,,,,,,,,h,,,,,,,05-Mar,wy,n,,t,,nh
CARYOPHYLLACEAE,PINK FAMILY,stme,stemed,Stellaria media,Stellaria,media,,,stemed,chickweed,,,,,,,,h,,,,,,,,,i,,,IDed by John Chesnut April 2011 on CW4,ih
CARYOPHYLLACEAE,PINK FAMILY,stni,stenit,Stellaria nitens,Stellaria,nitens,,,stenit,shining chickweed,,,,x,,,,h,,,,,x,,06-Mar,,n,,t,,nh
ASTERACEAE,SUNFLOWER FAMILY,stpa,stepau,Stephanomeria pauciflora,Stephanomeria,pauciflora,,,stepau,wire lettuce,,,,x,,,,p,,,,,x,,09-Jul,p,n,,t,,np
ASTERACEAE,SUNFLOWER FAMILY,stgn,stygna,Stylocline gnaphaloides,Stylocline,gnaphaloides,,,stygna,everlasting nest straw,,,x,,,,,h,,,,,,x,06-Mar,w,n,,t,,nh
PAPAVERACEAE,POPPY FAMILY,sthe2,styhet,Stylomecon heterophylla,Stylomecon,heterophylla,,,styhet,wind poppy,,,,x,,,,h,,,,,x,,06-Mar,o,n,,t,,nh
CHENOPODIACEAE,GOOSEFOOT FAMILY,sumo,suamoq,Suaeda moquinii (S. fruticosa),Suaeda,moquinii,,Suaeda fruticosa,suamoq,bush seepweed,C,x,,,,,,s,C,,,,,,10-Jul,,n,,t,,ns
TAMARICACEAE,TAMARISK FAMILY,taap,tamaph,Tamarix aphylla,Tamarix,aphylla,,,tamaph,,,,,,,,,it,,,,,,,,,i,,b,,it
TAMARICACEAE,TAMARISK FAMILY,atra,tamram,Tamarix ramosissima,Tamarix,ramosissima,,,tamram,tamarisk,,x,,,,,,t,x,,,,,,08-Apr,p,i,,c,,it
BRASSICACEAE,MUSTARD FAMILY,thcu,thycur,Thysanocarpus curvipes,Thysanocarpus,curvipes,,,thycur,"fringepod, lacepod",,,,x,,,,h,,,x,,,,05-Mar,w,n,,h,,nh
BRASSICACEAE,MUSTARD FAMILY,thla,thylac,Thysanocarpus laciniatus,Thysanocarpus,laciniatus,,,thylac,,,,,,,,,nh,,,,,,,,,n,,t,,nh
ANACARDIACEAE,SUMAC FAMILY,todi,toxdiv,Toxicodendron diversilobum,Toxicodendron,diversilobum,,,toxdiv,western poison oak,,,,,x,x,,s,,,,x,,,05-Mar,y,n,,j,,ns
FABACEAE,LEGUME FAMILY (PEA FAMILY),tralol,tralol,Trifolium albopurpureum v olivaceum (T. o.),Trifolium,albopurpureum,olivaceum,Trifolium olivaceum,tralol,clover,,,x,,,,,h,,x,,,,,06-Mar,p,n,,s,,nh
FABACEAE,LEGUME FAMILY (PEA FAMILY),tral,trialb,Trifolium albopurpureum,Trifolium,albopurpureum,,,trialb,clover,,,x,,,,,h,,,x,,,,06-Mar,p,n,,t,,nh
FABACEAE,LEGUME FAMILY (PEA FAMILY),trde,tridep,Trifolium depauperatum,Trifolium,depauperatum,,,tridep,depauperate clover,,x,x,,,,,h,x,,,,,,06-Apr,p,n,,t,,nh
,,trifo,trifol,Trifolium sp.,Trifolium,sp.,,,trifol,,,,,,,,,h,,,,,,,,,n,,,,nh
FABACEAE,LEGUME FAMILY (PEA FAMILY),trfr,trifra,Trifolium fragiferum,Trifolium,fragiferum,,,trifra,,,,,,,,,ip,,,,,,,,,i,,"b,f",,ip
FABACEAE,LEGUME FAMILY (PEA FAMILY),trgr2,trigra,Trifolium gracilentum,Trifolium,gracilentum,,,trigra,pinpoint clover,,,x,,,,,h,,x,,,,,06-Mar,p,n,,t,,nh
LAMIACEAE,MINT FAMILY,trla,trilan,Trichostema lanceolatum,Trichostema,lanceolatum,,,trilan,vinegar weed,x,C,C,C,,,,h,x,C,C,,C,,10-Apr,b,n,,t,,nh
LAMIACEAE,MINT FAMILY,trov,triova,Trichostema ovatum*,Trichostema,ovatum,,,triova,San Joaquin bluecurls,,,x,x,,,,h,,x,,,,,10-Jun,b,n,,h,,nh
POACEAE (GRAMINEAE),GRASS FAMILY,trsp,tritic,Triticum sp.,Triticum,sp.,,,tritic,wheat. many v as crops,,,x,,,,,a,,x,,,,,07-Apr,,i,,t,,ia
FABACEAE,LEGUME FAMILY (PEA FAMILY),trwi,triwil,Trifolium willdenovii,Trifolium,willdenovii,,,triwil,,,,,,,,,nh,,,,,,,,,n,,t,,nh
BRASSICACEAE,MUSTARD FAMILY,trgr1,trogra,Tropidocarpum gracile,Tropidocarpum,gracile,,,trogra,slender tropidocarpum,x,x,C,C,x,,,h,x,C,C,,C,,05-Feb,y,n,y,t,,nh
TYPHACEAE,CATTAIL FAMILY,tydo,typdom,Typha domingensis,Typha,domingensis,,,typdom,southern cattail,,,,,,,x,p,,,,,,,10-Jun,,n,,t,,np
,,unknown #1,unknown #1,"composite (George, S5/SC5)",,,,,unknown #1,,,,,,,,,,,,,,,,,,,,,,
,,unknown #8,unknown #8,mustard,,,,,unknown #8,,,,,,,,,ih,,,,,,,,,i,,,,ih
ASTERACEAE,SUNFLOWER FAMILY,urli,urolin,Uropappus lindleyi,Uropappus,lindleyi,,,urolin,silver puffs,,,x,,,,,h,,,,,x,,05-Mar,w,n,,h,,nh
URTICACEAE,NETTLE FAMILY,urdi,urtdio,Urtica dioica ssp holosericea,Urtica,dioica,holosericea,,urtdio,,,,,,,,,np,,,,,,,,,n,,"b,dk",,np
VERBENACEAE,VERVAIN FAMILY,vela,verlas,Verbena lasiostachys,Verbena,lasiostachys,,,verlas,verbena,,,,,,,x,p,,,,,,,10-Mar,p,n,,c,,np
FABACEAE,LEGUME FAMILY (PEA FAMILY),vibe,vicben,Vicia benghalensis,Vicia,benghalensis,,,vicben,,,,,,,,,"ih,v",,,,,,,,,i,,s,,"ih,v"
POACEAE (GRAMINEAE),GRASS FAMILY,vubr,vulbro,Vulpia bromoides (Festuca dertonensis),Vulpia,bromoides,,Festuca dertonensis,vulbro,,,,,,,,,a,,,,,,,06-Apr,,i,,w,,ia
POACEAE (GRAMINEAE),GRASS FAMILY,vumi,vulmic,Vulpia microstachys vpauciflora (F. reflexa),Vulpia,microstachys,pauciflora,Festuca reflexa,fesmic,few-flowered fescue,x,C,C,C,C,x,,a,x,C,C,C,C,C,06-Apr,,n,y,h,,na
POACEAE (GRAMINEAE),GRASS FAMILY,vumy,vulmyu,Vulpia myuros v hirsuta (F. megalura),Vulpia,myuros,hirsuta,Festuca megalura,vulmyu,foxtail fescue,x,C,C,C,C,x,,a,x,C,C,C,C,C,06-Apr,,i,,t,,ia
POACEAE (GRAMINEAE),GRASS FAMILY,vulpia,vulpia,Vulpia sp.,Vulpia,sp.,,,vulpia,,,,,,,,,a,,,,,,,,,,,,,a
ASTERACEAE,SUNFLOWER FAMILY,xasp,xanspi,Xanthium spinosum,Xanthium,spinosum,,,xanspi,,,,,,,,,ih,,,,,,,,,i,,ak,,ih
APIACEAE,CARROT FAMILY,yami,yabmic,Yabea microcarpa,Yabea,microcarpa,,,yabmic,,,,,,,,,nh,,,,,,,,,n,,f,,nh
LILIACEAE (AMARYLLIDACEAE),LILY FAMILY,yuwh,yucwhi,Yucca whipplei,Yucca,whipplei,,,yucwhi,our Lord's candle,,,,C,C,C,,s,,,C,,C,C,06-May,w,n,,t,,ns
