"","rep","year","species.name","intercepts","guild","site"
"1",2,1999,"Erodium botrys",1,"EAF","Elkhorn"
"2",3,1999,"Erodium botrys",4,"EAF","Elkhorn"
"3",1,1999,"Geranium dissectum",9,"EAF","Elkhorn"
"4",2,1999,"Geranium dissectum",7,"EAF","Elkhorn"
"5",3,1999,"Geranium dissectum",7,"EAF","Elkhorn"
"6",2,1999,"Trifolium dubium",3,"EAF","Elkhorn"
"7",3,1999,"Trifolium dubium",10,"EAF","Elkhorn"
"8",2,1999,"Trifolium subterraneum",4,"EAF","Elkhorn"
"9",1,1999,"Hypochaeris radicata",3,"EPF","Elkhorn"
"10",2,1999,"Hypochaeris radicata",1,"EPF","Elkhorn"
"11",3,1999,"Hypochaeris radicata",1,"EPF","Elkhorn"
"12",1,1999,"Plantago lanceolata",8,"EPF","Elkhorn"
"13",2,1999,"Plantago lanceolata",3,"EPF","Elkhorn"
"14",3,1999,"Plantago lanceolata",17,"EPF","Elkhorn"
"15",1,1999,"Rumex acetosella",1,"EPF","Elkhorn"
"16",3,1999,"Taraxia ovata",1,"NPF","Elkhorn"
"17",3,1999,"Aira caryophyllea",8,"EAG","Elkhorn"
"18",1,1999,"Bromus hordeaceus",6,"EAG","Elkhorn"
"19",2,1999,"Bromus hordeaceus",12,"EAG","Elkhorn"
"20",3,1999,"Bromus sp",10,"EAG","Elkhorn"
"21",1,1999,"Festuca perennis",44,"EAG","Elkhorn"
"22",2,1999,"Festuca perennis",48,"EAG","Elkhorn"
"23",3,1999,"Festuca perennis",16,"EAG","Elkhorn"
"24",1,1999,"Festuca myuros",49,"EAG","Elkhorn"
"25",2,1999,"Festuca myuros",39,"EAG","Elkhorn"
"26",3,1999,"Festuca myuros",33,"EAG","Elkhorn"
"27",1,1999,"Juncus bufonius",1,"NAGr","Elkhorn"
"28",2,1999,"Juncus bufonius",1,"NAGr","Elkhorn"
"29",3,1999,"Juncus bufonius",12,"NAGr","Elkhorn"
"30",2,1999,"Isolepis carinata",1,"NAGr","Elkhorn"
"31",1,1999,"Danthonia californica",13,"NPG","Elkhorn"
"32",2,1999,"Danthonia californica",35,"NPG","Elkhorn"
"33",3,1999,"Danthonia californica",31,"NPG","Elkhorn"
"34",1,2000,"Briza maxima",1,"EAG","Elkhorn"
"35",1,2000,"Bromus diandrus",1,"EAG","Elkhorn"
"36",1,2000,"Danthonia californica",3,"NPG","Elkhorn"
"37",1,2000,"Erodium botrys",3,"EAF","Elkhorn"
"38",1,2000,"Geranium dissectum",10,"EAF","Elkhorn"
"39",1,2000,"Holcus lanatus",1,"EPG","Elkhorn"
"40",1,2000,"Hypochaeris radicata",3,"EPF","Elkhorn"
"41",1,2000,"Festuca perennis",25,"EAG","Elkhorn"
"42",1,2000,"Moss",1,"Moss","Elkhorn"
"43",1,2000,"Stipa pulchra",3,"NPG","Elkhorn"
"44",1,2000,"Rumex acetosella",1,"EPF","Elkhorn"
"45",1,2000,"Thatch",28,"Thatch","Elkhorn"
"46",1,2000,"Festuca myuros",42,"EAG","Elkhorn"
"47",2,2000,"Danthonia californica",23,"NPG","Elkhorn"
"48",2,2000,"Geranium dissectum",1,"EAF","Elkhorn"
"49",2,2000,"Juncus occidentalis",1,"NPGr","Elkhorn"
"50",2,2000,"Juncus phaeocephalus",2,"NPGr","Elkhorn"
"51",2,2000,"Festuca perennis",4,"EAG","Elkhorn"
"52",2,2000,"Thatch",30,"Thatch","Elkhorn"
"53",2,2000,"Trifolium subterraneum",1,"EAF","Elkhorn"
"54",2,2000,"Festuca myuros",53,"EAG","Elkhorn"
"55",3,2000,"Lysimachia arvensis",1,"EAF","Elkhorn"
"56",3,2000,"Bromus diandrus",3,"EAG","Elkhorn"
"57",3,2000,"Danthonia californica",46,"NPG","Elkhorn"
"58",3,2000,"Erodium botrys",3,"EAF","Elkhorn"
"59",3,2000,"Geranium dissectum",3,"EAF","Elkhorn"
"60",3,2000,"Plantago lanceolata",4,"EPF","Elkhorn"
"61",3,2000,"Rumex acetosella",1,"EPF","Elkhorn"
"62",3,2000,"Thatch",16,"Thatch","Elkhorn"
"63",3,2000,"Trifolium subterraneum",1,"EAF","Elkhorn"
"64",3,2000,"Festuca myuros",42,"EAG","Elkhorn"
"65",1,2001,"Briza maxima",9,"EAG","Elkhorn"
"66",1,2001,"Danthonia californica",28,"NPG","Elkhorn"
"67",1,2001,"Erodium botrys",6,"EAF","Elkhorn"
"68",1,2001,"Geranium dissectum",7,"EAF","Elkhorn"
"69",1,2001,"Juncus occidentalis",2,"NPGr","Elkhorn"
"70",1,2001,"Festuca perennis",20,"EAG","Elkhorn"
"71",1,2001,"Isolepis carinata",3,"NAGr","Elkhorn"
"72",1,2001,"Thatch",3,"Thatch","Elkhorn"
"73",1,2001,"Trifolium angustifolium",4,"EAF","Elkhorn"
"74",1,2001,"Trifolium subterraneum",6,"EAF","Elkhorn"
"75",1,2001,"Festuca myuros",53,"EAG","Elkhorn"
"76",3,2001,"Bare ground",12,"Bare","Elkhorn"
"77",3,2001,"Taraxia ovata",2,"NPF","Elkhorn"
"78",3,2001,"Danthonia californica",42,"NPG","Elkhorn"
"79",3,2001,"Erodium botrys",6,"EAF","Elkhorn"
"80",3,2001,"Geranium dissectum",11,"EAF","Elkhorn"
"81",3,2001,"Festuca perennis",16,"EAG","Elkhorn"
"82",3,2001,"Plantago lanceolata",5,"EPF","Elkhorn"
"83",3,2001,"Rumex acetosella",4,"EPF","Elkhorn"
"84",3,2001,"Thatch",3,"Thatch","Elkhorn"
"85",3,2001,"Trifolium dubium",2,"EAF","Elkhorn"
"86",3,2001,"Trifolium subterraneum",3,"EAF","Elkhorn"
"87",3,2001,"Festuca myuros",62,"EAG","Elkhorn"
"88",3,2002,"Lysimachia arvensis",1,"EAF","Elkhorn"
"89",1,2002,"Erodium botrys",6,"EAF","Elkhorn"
"90",3,2002,"Erodium botrys",27,"EAF","Elkhorn"
"91",1,2002,"Erodium moschatum",2,"EAF","Elkhorn"
"92",1,2002,"Geranium dissectum",26,"EAF","Elkhorn"
"93",2,2002,"Geranium dissectum",7,"EAF","Elkhorn"
"94",3,2002,"Geranium dissectum",9,"EAF","Elkhorn"
"95",1,2002,"Trifolium angustifolium",2,"EAF","Elkhorn"
"96",2,2002,"Trifolium angustifolium",1,"EAF","Elkhorn"
"97",3,2002,"Trifolium angustifolium",1,"EAF","Elkhorn"
"98",3,2002,"Trifolium dubium",3,"EAF","Elkhorn"
"99",1,2002,"Trifolium subterraneum",2,"EAF","Elkhorn"
"100",2,2002,"Trifolium subterraneum",1,"EAF","Elkhorn"
"101",3,2002,"Trifolium subterraneum",17,"EAF","Elkhorn"
"102",3,2002,"Plantago lanceolata",1,"EPF","Elkhorn"
"103",1,2002,"Rumex acetosella",7,"EPF","Elkhorn"
"104",2,2002,"Rumex acetosella",1,"EPF","Elkhorn"
"105",3,2002,"Rumex acetosella",1,"EPF","Elkhorn"
"106",2,2002,"Bromus diandrus",2,"EAG","Elkhorn"
"107",1,2002,"Festuca perennis",16,"EAG","Elkhorn"
"108",2,2002,"Festuca perennis",32,"EAG","Elkhorn"
"109",3,2002,"Festuca perennis",13,"EAG","Elkhorn"
"110",1,2002,"Festuca myuros",83,"EAG","Elkhorn"
"111",2,2002,"Festuca myuros",61,"EAG","Elkhorn"
"112",3,2002,"Festuca myuros",75,"EAG","Elkhorn"
"113",2,2002,"Aira caryophyllea",3,"EAG","Elkhorn"
"114",3,2002,"Avena barbata",1,"EAG","Elkhorn"
"115",1,2002,"Bromus hordeaceus",10,"EAG","Elkhorn"
"116",3,2002,"Cynosurus echinatus",3,"EAG","Elkhorn"
"117",1,2002,"Juncus occidentalis",1,"NPGr","Elkhorn"
"118",3,2002,"Isolepis carinata",4,"NAGr","Elkhorn"
"119",1,2002,"Danthonia californica",31,"NPG","Elkhorn"
"120",2,2002,"Danthonia californica",34,"NPG","Elkhorn"
"121",3,2002,"Danthonia californica",14,"NPG","Elkhorn"
"122",3,2002,"Bare ground",2,"Bare","Elkhorn"
"123",1,2002,"Thatch",2,"Thatch","Elkhorn"
"124",2,2002,"Thatch",4,"Thatch","Elkhorn"
"125",3,2002,"Thatch",1,"Thatch","Elkhorn"
"126",3,2003,"Bare ground",1,"Bare","Elkhorn"
"127",1,2003,"Bromus diandrus",10,"EAG","Elkhorn"
"128",3,2003,"Bromus diandrus",16,"EAG","Elkhorn"
"129",1,2003,"Danthonia californica",19,"NPG","Elkhorn"
"130",2,2003,"Danthonia californica",20,"NPG","Elkhorn"
"131",3,2003,"Danthonia californica",3,"NPG","Elkhorn"
"132",1,2003,"Erodium botrys",16,"EAF","Elkhorn"
"133",3,2003,"Erodium botrys",12,"EAF","Elkhorn"
"134",1,2003,"Geranium dissectum",42,"EAF","Elkhorn"
"135",2,2003,"Geranium dissectum",17,"EAF","Elkhorn"
"136",3,2003,"Geranium dissectum",15,"EAF","Elkhorn"
"137",1,2003,"Festuca perennis",37,"EAG","Elkhorn"
"138",2,2003,"Festuca perennis",51,"EAG","Elkhorn"
"139",3,2003,"Festuca perennis",29,"EAG","Elkhorn"
"140",1,2003,"Plantago lanceolata",1,"EPF","Elkhorn"
"141",3,2003,"Plantago lanceolata",6,"EPF","Elkhorn"
"142",1,2003,"Rumex acetosella",8,"EPF","Elkhorn"
"143",2,2003,"Rumex acetosella",4,"EPF","Elkhorn"
"144",3,2003,"Rumex acetosella",4,"EPF","Elkhorn"
"145",1,2003,"Thatch",3,"Thatch","Elkhorn"
"146",2,2003,"Thatch",7,"Thatch","Elkhorn"
"147",3,2003,"Thatch",8,"Thatch","Elkhorn"
"148",2,2003,"Trifolium angustifolium",1,"EAF","Elkhorn"
"149",3,2003,"Trifolium subterraneum",2,"EAF","Elkhorn"
"150",1,2003,"Festuca myuros",81,"EAG","Elkhorn"
"151",2,2003,"Festuca myuros",26,"EAG","Elkhorn"
"152",3,2003,"Festuca myuros",57,"EAG","Elkhorn"
"153",2,2004,"Lysimachia arvensis",6,"EAF","Elkhorn"
"154",3,2004,"Avena barbata",1,"EAG","Elkhorn"
"155",2,2004,"Bare ground",1,"Bare","Elkhorn"
"156",3,2004,"Briza maxima",5,"EAG","Elkhorn"
"157",1,2004,"Bromus diandrus",2,"EAG","Elkhorn"
"158",2,2004,"Bromus diandrus",1,"EAG","Elkhorn"
"159",2,2004,"Danthonia californica",4,"NPG","Elkhorn"
"160",1,2004,"Erodium botrys",6,"EAF","Elkhorn"
"161",2,2004,"Erodium botrys",1,"EAF","Elkhorn"
"162",3,2004,"Erodium botrys",18,"EAF","Elkhorn"
"163",1,2004,"Geranium dissectum",8,"EAF","Elkhorn"
"164",2,2004,"Geranium dissectum",16,"EAF","Elkhorn"
"165",3,2004,"Geranium dissectum",12,"EAF","Elkhorn"
"166",1,2004,"Festuca perennis",21,"EAG","Elkhorn"
"167",2,2004,"Festuca perennis",23,"EAG","Elkhorn"
"168",3,2004,"Festuca perennis",56,"EAG","Elkhorn"
"169",1,2004,"Rumex acetosella",14,"EPF","Elkhorn"
"170",2,2004,"Rumex acetosella",8,"EPF","Elkhorn"
"171",3,2004,"Rumex acetosella",1,"EPF","Elkhorn"
"172",1,2004,"Thatch",15,"Thatch","Elkhorn"
"173",2,2004,"Thatch",25,"Thatch","Elkhorn"
"174",3,2004,"Thatch",4,"Thatch","Elkhorn"
"175",3,2004,"Trifolium subterraneum",1,"EAF","Elkhorn"
"176",1,2004,"Festuca myuros",73,"EAG","Elkhorn"
"177",2,2004,"Festuca myuros",33,"EAG","Elkhorn"
"178",3,2004,"Festuca myuros",39,"EAG","Elkhorn"
"179",2,2005,"Lysimachia arvensis",1,"EAF","Elkhorn"
"180",3,2005,"Lysimachia arvensis",1,"EAF","Elkhorn"
"181",1,2005,"Avena barbata",1,"EAG","Elkhorn"
"182",3,2005,"Avena barbata",1,"EAG","Elkhorn"
"183",1,2005,"Briza minor",1,"EAG","Elkhorn"
"184",1,2005,"Bromus diandrus",8,"EAG","Elkhorn"
"185",2,2005,"Bromus diandrus",1,"EAG","Elkhorn"
"186",3,2005,"Bromus diandrus",11,"EAG","Elkhorn"
"187",2,2005,"Danthonia californica",4,"NPG","Elkhorn"
"188",3,2005,"Danthonia californica",4,"NPG","Elkhorn"
"189",1,2005,"Erodium botrys",15,"EAF","Elkhorn"
"190",2,2005,"Erodium botrys",10,"EAF","Elkhorn"
"191",3,2005,"Erodium botrys",29,"EAF","Elkhorn"
"192",1,2005,"Geranium dissectum",21,"EAF","Elkhorn"
"193",2,2005,"Geranium dissectum",20,"EAF","Elkhorn"
"194",3,2005,"Geranium dissectum",13,"EAF","Elkhorn"
"195",1,2005,"Festuca perennis",9,"EAG","Elkhorn"
"196",2,2005,"Festuca perennis",38,"EAG","Elkhorn"
"197",3,2005,"Festuca perennis",69,"EAG","Elkhorn"
"198",1,2005,"Rumex acetosella",33,"EPF","Elkhorn"
"199",2,2005,"Rumex acetosella",17,"EPF","Elkhorn"
"200",3,2005,"Rumex acetosella",2,"EPF","Elkhorn"
"201",3,2005,"Isolepis carinata",2,"NAGr","Elkhorn"
"202",1,2005,"Thatch",5,"Thatch","Elkhorn"
"203",2,2005,"Thatch",3,"Thatch","Elkhorn"
"204",3,2005,"Thatch",8,"Thatch","Elkhorn"
"205",3,2005,"Trifolium dubium",1,"EAF","Elkhorn"
"206",2,2005,"Trifolium subterraneum",1,"EAF","Elkhorn"
"207",3,2005,"Vicia sativa",1,"EAF","Elkhorn"
"208",1,2005,"Festuca myuros",51,"EAG","Elkhorn"
"209",2,2005,"Festuca myuros",40,"EAG","Elkhorn"
"210",3,2005,"Festuca myuros",27,"EAG","Elkhorn"
"211",1,2006,"Lysimachia arvensis",1,"EAF","Elkhorn"
"212",1,2006,"Briza maxima",3,"EAG","Elkhorn"
"213",1,2006,"Bromus diandrus",15,"EAG","Elkhorn"
"214",2,2006,"Bromus diandrus",2,"EAG","Elkhorn"
"215",3,2006,"Bromus diandrus",13,"EAG","Elkhorn"
"216",1,2006,"Cynosurus echinatus",2,"EAG","Elkhorn"
"217",2,2006,"Cynosurus echinatus",3,"EAG","Elkhorn"
"218",2,2006,"Danthonia californica",2,"NPG","Elkhorn"
"219",3,2006,"Danthonia californica",5,"NPG","Elkhorn"
"220",1,2006,"Erodium botrys",2,"EAF","Elkhorn"
"221",2,2006,"Erodium botrys",7,"EAF","Elkhorn"
"222",3,2006,"Erodium botrys",1,"EAF","Elkhorn"
"223",1,2006,"Geranium dissectum",6,"EAF","Elkhorn"
"224",2,2006,"Geranium dissectum",7,"EAF","Elkhorn"
"225",3,2006,"Geranium dissectum",14,"EAF","Elkhorn"
"226",1,2006,"Festuca perennis",26,"EAG","Elkhorn"
"227",2,2006,"Festuca perennis",21,"EAG","Elkhorn"
"228",3,2006,"Festuca perennis",30,"EAG","Elkhorn"
"229",1,2006,"Rumex acetosella",5,"EPF","Elkhorn"
"230",2,2006,"Rumex acetosella",15,"EPF","Elkhorn"
"231",1,2006,"Thatch",15,"Thatch","Elkhorn"
"232",2,2006,"Thatch",20,"Thatch","Elkhorn"
"233",3,2006,"Thatch",26,"Thatch","Elkhorn"
"234",1,2006,"Festuca myuros",65,"EAG","Elkhorn"
"235",2,2006,"Festuca myuros",39,"EAG","Elkhorn"
"236",3,2006,"Festuca myuros",38,"EAG","Elkhorn"
"237",3,2007,"Briza minor",1,"EAG","Elkhorn"
"238",2,2007,"Bromus diandrus",3,"EAG","Elkhorn"
"239",3,2007,"Bromus diandrus",1,"EAG","Elkhorn"
"240",1,2007,"Bromus hordeaceus",5,"EAG","Elkhorn"
"241",1,2007,"Silybum marianum",10,"EPF","Elkhorn"
"242",2,2007,"Danthonia californica",6,"NPG","Elkhorn"
"243",3,2007,"Danthonia californica",1,"NPG","Elkhorn"
"244",1,2007,"Erodium botrys",17,"EAF","Elkhorn"
"245",2,2007,"Erodium botrys",1,"EAF","Elkhorn"
"246",3,2007,"Erodium botrys",29,"EAF","Elkhorn"
"247",1,2007,"Geranium dissectum",3,"EAF","Elkhorn"
"248",2,2007,"Geranium dissectum",1,"EAF","Elkhorn"
"249",3,2007,"Geranium dissectum",3,"EAF","Elkhorn"
"250",2,2007,"Juncus phaeocephalus",3,"NPGr","Elkhorn"
"251",1,2007,"Festuca perennis",4,"EAG","Elkhorn"
"252",2,2007,"Festuca perennis",12,"EAG","Elkhorn"
"253",3,2007,"Festuca perennis",22,"EAG","Elkhorn"
"254",1,2007,"Rumex acetosella",10,"EPF","Elkhorn"
"255",2,2007,"Rumex acetosella",14,"EPF","Elkhorn"
"256",1,2007,"Thatch",13,"Thatch","Elkhorn"
"257",2,2007,"Thatch",7,"Thatch","Elkhorn"
"258",3,2007,"Thatch",2,"Thatch","Elkhorn"
"259",1,2007,"Festuca myuros",77,"EAG","Elkhorn"
"260",2,2007,"Festuca myuros",85,"EAG","Elkhorn"
"261",3,2007,"Festuca myuros",76,"EAG","Elkhorn"
"262",1,2008,"Lysimachia arvensis",2,"EAF","Elkhorn"
"263",2,2008,"Lysimachia arvensis",4,"EAF","Elkhorn"
"264",3,2008,"Lysimachia arvensis",2,"EAF","Elkhorn"
"265",3,2008,"Bare ground",1,"Bare","Elkhorn"
"266",1,2008,"Bromus diandrus",9,"EAG","Elkhorn"
"267",2,2008,"Bromus diandrus",4,"EAG","Elkhorn"
"268",3,2008,"Bromus diandrus",3,"EAG","Elkhorn"
"269",1,2008,"Cynosurus echinatus",1,"EAG","Elkhorn"
"270",2,2008,"Cynosurus echinatus",6,"EAG","Elkhorn"
"271",1,2008,"Erodium botrys",35,"EAF","Elkhorn"
"272",2,2008,"Erodium botrys",21,"EAF","Elkhorn"
"273",3,2008,"Erodium botrys",23,"EAF","Elkhorn"
"274",1,2008,"Geranium dissectum",11,"EAF","Elkhorn"
"275",2,2008,"Geranium dissectum",5,"EAF","Elkhorn"
"276",3,2008,"Geranium dissectum",5,"EAF","Elkhorn"
"277",3,2008,"Hypochaeris glabra",2,"EAF","Elkhorn"
"278",2,2008,"Juncus phaeocephalus",4,"NPGr","Elkhorn"
"279",1,2008,"Festuca perennis",4,"EAG","Elkhorn"
"280",2,2008,"Festuca perennis",11,"EAG","Elkhorn"
"281",3,2008,"Festuca perennis",7,"EAG","Elkhorn"
"282",1,2008,"Rumex acetosella",5,"EPF","Elkhorn"
"283",2,2008,"Rumex acetosella",11,"EPF","Elkhorn"
"284",2,2008,"Isolepis carinata",3,"NAGr","Elkhorn"
"285",1,2008,"Thatch",7,"Thatch","Elkhorn"
"286",2,2008,"Thatch",15,"Thatch","Elkhorn"
"287",3,2008,"Thatch",34,"Thatch","Elkhorn"
"288",1,2008,"Festuca myuros",65,"EAG","Elkhorn"
"289",2,2008,"Festuca myuros",40,"EAG","Elkhorn"
"290",3,2008,"Festuca myuros",26,"EAG","Elkhorn"
"291",1,2008,"Carduus pycnocephalus",7,"EAF","Elkhorn"
"292",2,2008,"Carduus pycnocephalus",7,"EAF","Elkhorn"
"293",3,2008,"Carduus pycnocephalus",12,"EAF","Elkhorn"
"294",1,2009,"Lysimachia arvensis",4,"EAF","Elkhorn"
"295",2,2009,"Lysimachia arvensis",1,"EAF","Elkhorn"
"296",2,2009,"Bare ground",3,"Bare","Elkhorn"
"297",1,2009,"Bromus diandrus",3,"EAG","Elkhorn"
"298",2,2009,"Bromus diandrus",8,"EAG","Elkhorn"
"299",3,2009,"Bromus diandrus",7,"EAG","Elkhorn"
"300",1,2009,"Carduus pycnocephalus",6,"EAF","Elkhorn"
"301",2,2009,"Carduus pycnocephalus",9,"EAF","Elkhorn"
"302",3,2009,"Carduus pycnocephalus",24,"EAF","Elkhorn"
"303",2,2009,"Cerastium glomeratum",1,"EAF","Elkhorn"
"304",1,2009,"Erodium botrys",36,"EAF","Elkhorn"
"305",2,2009,"Erodium botrys",27,"EAF","Elkhorn"
"306",3,2009,"Erodium botrys",71,"EAF","Elkhorn"
"307",3,2009,"Erodium moschatum",2,"EAF","Elkhorn"
"308",1,2009,"Geranium dissectum",6,"EAF","Elkhorn"
"309",2,2009,"Geranium dissectum",6,"EAF","Elkhorn"
"310",3,2009,"Geranium dissectum",6,"EAF","Elkhorn"
"311",2,2009,"Hypochaeris radicata",2,"EPF","Elkhorn"
"312",3,2009,"Hypochaeris radicata",2,"EPF","Elkhorn"
"313",2,2009,"Juncus phaeocephalus",4,"NPGr","Elkhorn"
"314",1,2009,"Festuca perennis",9,"EAG","Elkhorn"
"315",2,2009,"Festuca perennis",16,"EAG","Elkhorn"
"316",3,2009,"Festuca perennis",21,"EAG","Elkhorn"
"317",1,2009,"Phalaris aquatica",5,"EPG","Elkhorn"
"318",1,2009,"Rumex acetosella",17,"EPF","Elkhorn"
"319",2,2009,"Rumex acetosella",12,"EPF","Elkhorn"
"320",3,2009,"Rumex acetosella",4,"EPF","Elkhorn"
"321",1,2009,"Thatch",6,"Thatch","Elkhorn"
"322",2,2009,"Thatch",17,"Thatch","Elkhorn"
"323",3,2009,"Thatch",2,"Thatch","Elkhorn"
"324",1,2009,"Festuca myuros",35,"EAG","Elkhorn"
"325",2,2009,"Festuca myuros",29,"EAG","Elkhorn"
"326",3,2009,"Festuca myuros",4,"EAG","Elkhorn"
"327",3,2010,"Avena barbata",41,"EAG","Elkhorn"
"328",2,2010,"Bare ground",6,"Bare","Elkhorn"
"329",2,2010,"Brachypodium distachyon",1,"EAG","Elkhorn"
"330",1,2010,"Bromus diandrus",6,"EAG","Elkhorn"
"331",2,2010,"Bromus diandrus",5,"EAG","Elkhorn"
"332",3,2010,"Bromus diandrus",1,"EAG","Elkhorn"
"333",1,2010,"Carduus pycnocephalus",26,"EAF","Elkhorn"
"334",2,2010,"Carduus pycnocephalus",18,"EAF","Elkhorn"
"335",3,2010,"Carduus pycnocephalus",59,"EAF","Elkhorn"
"336",2,2010,"Danthonia californica",2,"NPG","Elkhorn"
"337",1,2010,"Erodium botrys",10,"EAF","Elkhorn"
"338",2,2010,"Erodium botrys",11,"EAF","Elkhorn"
"339",3,2010,"Erodium botrys",13,"EAF","Elkhorn"
"340",1,2010,"Geranium dissectum",5,"EAF","Elkhorn"
"341",2,2010,"Geranium dissectum",3,"EAF","Elkhorn"
"342",3,2010,"Geranium dissectum",3,"EAF","Elkhorn"
"343",3,2010,"Hypochaeris radicata",2,"EPF","Elkhorn"
"344",1,2010,"Festuca perennis",7,"EAG","Elkhorn"
"345",2,2010,"Festuca perennis",4,"EAG","Elkhorn"
"346",3,2010,"Festuca perennis",18,"EAG","Elkhorn"
"347",1,2010,"Rumex acetosella",14,"EPF","Elkhorn"
"348",2,2010,"Rumex acetosella",10,"EPF","Elkhorn"
"349",1,2010,"Thatch",19,"Thatch","Elkhorn"
"350",2,2010,"Thatch",26,"Thatch","Elkhorn"
"351",3,2010,"Thatch",3,"Thatch","Elkhorn"
"352",1,2010,"Festuca myuros",35,"EAG","Elkhorn"
"353",2,2010,"Festuca myuros",30,"EAG","Elkhorn"
"354",3,2010,"Festuca myuros",1,"EAG","Elkhorn"
"355",2,2011,"Lysimachia arvensis",8,"EAF","Elkhorn"
"356",1,2011,"Bromus diandrus",14,"EAG","Elkhorn"
"357",2,2011,"Bromus diandrus",4,"EAG","Elkhorn"
"358",3,2011,"Bromus diandrus",17,"EAG","Elkhorn"
"359",3,2011,"Taraxia ovata",2,"NPF","Elkhorn"
"360",1,2011,"Carduus pycnocephalus",50,"EAF","Elkhorn"
"361",2,2011,"Carduus pycnocephalus",64,"EAF","Elkhorn"
"362",3,2011,"Carduus pycnocephalus",62,"EAF","Elkhorn"
"363",2,2011,"Cynosurus echinatus",1,"EAG","Elkhorn"
"364",1,2011,"Erodium botrys",11,"EAF","Elkhorn"
"365",2,2011,"Erodium botrys",25,"EAF","Elkhorn"
"366",3,2011,"Erodium botrys",11,"EAF","Elkhorn"
"367",1,2011,"Geranium dissectum",17,"EAF","Elkhorn"
"368",2,2011,"Geranium dissectum",7,"EAF","Elkhorn"
"369",3,2011,"Geranium dissectum",3,"EAF","Elkhorn"
"370",2,2011,"Juncus phaeocephalus",1,"NPGr","Elkhorn"
"371",1,2011,"Festuca perennis",2,"EAG","Elkhorn"
"372",2,2011,"Festuca perennis",4,"EAG","Elkhorn"
"373",3,2011,"Festuca perennis",6,"EAG","Elkhorn"
"374",1,2011,"Rumex acetosella",21,"EPF","Elkhorn"
"375",2,2011,"Rumex acetosella",25,"EPF","Elkhorn"
"376",1,2011,"Thatch",8,"Thatch","Elkhorn"
"377",2,2011,"Thatch",5,"Thatch","Elkhorn"
"378",3,2011,"Thatch",12,"Thatch","Elkhorn"
"379",1,2011,"Festuca myuros",17,"EAG","Elkhorn"
"380",2,2011,"Festuca myuros",15,"EAG","Elkhorn"
"381",3,2011,"Festuca myuros",1,"EAG","Elkhorn"
"382",1,2012,"Lysimachia arvensis",2,"EAF","Elkhorn"
"383",1,2012,"Avena barbata",11,"EAG","Elkhorn"
"384",2,2012,"Avena barbata",7,"EAG","Elkhorn"
"385",3,2012,"Avena barbata",9,"EAG","Elkhorn"
"386",2,2012,"Brachypodium distachyon",19,"EAG","Elkhorn"
"387",3,2012,"Brachypodium distachyon",1,"EAG","Elkhorn"
"388",1,2012,"Bromus diandrus",19,"EAG","Elkhorn"
"389",2,2012,"Bromus diandrus",4,"EAG","Elkhorn"
"390",3,2012,"Bromus diandrus",8,"EAG","Elkhorn"
"391",1,2012,"Carduus pycnocephalus",11,"EAF","Elkhorn"
"392",2,2012,"Carduus pycnocephalus",18,"EAF","Elkhorn"
"393",3,2012,"Carduus pycnocephalus",50,"EAF","Elkhorn"
"394",2,2012,"Danthonia californica",2,"NPG","Elkhorn"
"395",1,2012,"Erodium botrys",35,"EAF","Elkhorn"
"396",2,2012,"Erodium botrys",1,"EAF","Elkhorn"
"397",3,2012,"Erodium botrys",35,"EAF","Elkhorn"
"398",1,2012,"Geranium dissectum",18,"EAF","Elkhorn"
"399",2,2012,"Geranium dissectum",8,"EAF","Elkhorn"
"400",3,2012,"Geranium dissectum",7,"EAF","Elkhorn"
"401",2,2012,"Juncus phaeocephalus",2,"NPGr","Elkhorn"
"402",1,2012,"Festuca perennis",2,"EAG","Elkhorn"
"403",2,2012,"Festuca perennis",6,"EAG","Elkhorn"
"404",3,2012,"Festuca perennis",1,"EAG","Elkhorn"
"405",1,2012,"Rumex acetosella",11,"EPF","Elkhorn"
"406",2,2012,"Rumex acetosella",37,"EPF","Elkhorn"
"407",3,2012,"Rumex acetosella",4,"EPF","Elkhorn"
"408",2,2012,"Thatch",1,"Thatch","Elkhorn"
"409",3,2012,"Thatch",2,"Thatch","Elkhorn"
"410",1,2012,"Festuca myuros",31,"EAG","Elkhorn"
"411",2,2012,"Festuca myuros",63,"EAG","Elkhorn"
"412",3,2012,"Festuca myuros",13,"EAG","Elkhorn"
"413",1,2013,"Lysimachia arvensis",9,"EAF","Elkhorn"
"414",2,2013,"Lysimachia arvensis",4,"EAF","Elkhorn"
"415",3,2013,"Lysimachia arvensis",1,"EAF","Elkhorn"
"416",1,2013,"Avena barbata",7,"EAG","Elkhorn"
"417",2,2013,"Avena barbata",6,"EAG","Elkhorn"
"418",3,2013,"Avena barbata",4,"EAG","Elkhorn"
"419",2,2013,"Brachypodium distachyon",5,"EAG","Elkhorn"
"420",3,2013,"Brachypodium distachyon",5,"EAG","Elkhorn"
"421",1,2013,"Briza minor",7,"EAG","Elkhorn"
"422",1,2013,"Bromus diandrus",10,"EAG","Elkhorn"
"423",2,2013,"Bromus diandrus",6,"EAG","Elkhorn"
"424",3,2013,"Bromus diandrus",29,"EAG","Elkhorn"
"425",1,2013,"Carduus pycnocephalus",5,"EAF","Elkhorn"
"426",2,2013,"Carduus pycnocephalus",7,"EAF","Elkhorn"
"427",3,2013,"Carduus pycnocephalus",1,"EAF","Elkhorn"
"428",2,2013,"Cerastium glomeratum",1,"EAF","Elkhorn"
"429",1,2013,"Cynosurus echinatus",3,"EAG","Elkhorn"
"430",2,2013,"Cynosurus echinatus",2,"EAG","Elkhorn"
"431",1,2013,"Erodium botrys",21,"EAF","Elkhorn"
"432",2,2013,"Erodium botrys",29,"EAF","Elkhorn"
"433",3,2013,"Erodium botrys",45,"EAF","Elkhorn"
"434",1,2013,"Geranium dissectum",11,"EAF","Elkhorn"
"435",2,2013,"Geranium dissectum",4,"EAF","Elkhorn"
"436",3,2013,"Geranium dissectum",4,"EAF","Elkhorn"
"437",3,2013,"Hypochaeris glabra",1,"EAF","Elkhorn"
"438",2,2013,"Juncus phaeocephalus",3,"NPGr","Elkhorn"
"439",1,2013,"Festuca perennis",4,"EAG","Elkhorn"
"440",2,2013,"Festuca perennis",6,"EAG","Elkhorn"
"441",3,2013,"Festuca perennis",8,"EAG","Elkhorn"
"442",1,2013,"Plantago lanceolata",1,"EPF","Elkhorn"
"443",1,2013,"Rumex acetosella",6,"EPF","Elkhorn"
"444",2,2013,"Rumex acetosella",11,"EPF","Elkhorn"
"445",3,2013,"Rumex acetosella",4,"EPF","Elkhorn"
"446",1,2013,"Sonchus oleraceus",1,"EAF","Elkhorn"
"447",1,2013,"Thatch",5,"Thatch","Elkhorn"
"448",2,2013,"Thatch",2,"Thatch","Elkhorn"
"449",3,2013,"Thatch",2,"Thatch","Elkhorn"
"450",1,2013,"Festuca myuros",53,"EAG","Elkhorn"
"451",2,2013,"Festuca myuros",70,"EAG","Elkhorn"
"452",3,2013,"Festuca myuros",38,"EAG","Elkhorn"
"453",1,2014,"Avena barbata",8,"EAG","Elkhorn"
"454",2,2014,"Avena barbata",2,"EAG","Elkhorn"
"455",2,2014,"Bare ground",1,"Bare","Elkhorn"
"456",3,2014,"Bare ground",2,"Bare","Elkhorn"
"457",2,2014,"Brachypodium distachyon",8,"EAG","Elkhorn"
"458",3,2014,"Brachypodium distachyon",12,"EAG","Elkhorn"
"459",1,2014,"Bromus diandrus",10,"EAG","Elkhorn"
"460",2,2014,"Bromus diandrus",17,"EAG","Elkhorn"
"461",3,2014,"Bromus diandrus",20,"EAG","Elkhorn"
"462",1,2014,"Carduus pycnocephalus",3,"EAF","Elkhorn"
"463",2,2014,"Carduus pycnocephalus",1,"EAF","Elkhorn"
"464",3,2014,"Convolvulus arvensis",1,"EPF","Elkhorn"
"465",1,2014,"Erodium botrys",18,"EAF","Elkhorn"
"466",2,2014,"Erodium botrys",8,"EAF","Elkhorn"
"467",3,2014,"Erodium botrys",1,"EAF","Elkhorn"
"468",1,2014,"Geranium dissectum",4,"EAF","Elkhorn"
"469",1,2014,"Hypochaeris glabra",1,"EAF","Elkhorn"
"470",2,2014,"Juncus phaeocephalus",2,"NPGr","Elkhorn"
"471",1,2014,"Festuca perennis",2,"EAG","Elkhorn"
"472",3,2014,"Festuca perennis",2,"EAG","Elkhorn"
"473",1,2014,"Rumex acetosella",2,"EPF","Elkhorn"
"474",2,2014,"Rumex acetosella",6,"EPF","Elkhorn"
"475",3,2014,"Rumex acetosella",5,"EPF","Elkhorn"
"476",1,2014,"Sonchus asper",2,"EAF","Elkhorn"
"477",1,2014,"Thatch",32,"Thatch","Elkhorn"
"478",2,2014,"Thatch",51,"Thatch","Elkhorn"
"479",3,2014,"Thatch",48,"Thatch","Elkhorn"
"480",1,2014,"Festuca myuros",38,"EAG","Elkhorn"
"481",2,2014,"Festuca myuros",10,"EAG","Elkhorn"
"482",3,2014,"Festuca myuros",13,"EAG","Elkhorn"
"483",1,2015,"Avena barbata",28,"EAG","Elkhorn"
"484",2,2015,"Avena barbata",18,"EAG","Elkhorn"
"485",3,2015,"Avena barbata",14,"EAG","Elkhorn"
"486",2,2015,"Brachypodium distachyon",28,"EAG","Elkhorn"
"487",3,2015,"Brachypodium distachyon",85,"EAG","Elkhorn"
"488",1,2015,"Bromus diandrus",39,"EAG","Elkhorn"
"489",2,2015,"Bromus diandrus",12,"EAG","Elkhorn"
"490",3,2015,"Bromus diandrus",9,"EAG","Elkhorn"
"491",1,2015,"Carduus pycnocephalus",4,"EAF","Elkhorn"
"492",2,2015,"Carduus pycnocephalus",9,"EAF","Elkhorn"
"493",3,2015,"Carduus pycnocephalus",1,"EAF","Elkhorn"
"494",1,2015,"Convolvulus arvensis",1,"EPF","Elkhorn"
"495",3,2015,"Convolvulus arvensis",1,"EPF","Elkhorn"
"496",1,2015,"Erodium botrys",31,"EAF","Elkhorn"
"497",2,2015,"Erodium botrys",19,"EAF","Elkhorn"
"498",3,2015,"Erodium botrys",2,"EAF","Elkhorn"
"499",1,2015,"Geranium dissectum",6,"EAF","Elkhorn"
"500",2,2015,"Geranium dissectum",2,"EAF","Elkhorn"
"501",3,2015,"Geranium dissectum",1,"EAF","Elkhorn"
"502",1,2015,"Hypochaeris glabra",1,"EAF","Elkhorn"
"503",2,2015,"Hypochaeris glabra",11,"EAF","Elkhorn"
"504",3,2015,"Hypochaeris glabra",1,"EAF","Elkhorn"
"505",1,2015,"Festuca perennis",10,"EAG","Elkhorn"
"506",2,2015,"Festuca perennis",3,"EAG","Elkhorn"
"507",1,2015,"Rumex acetosella",8,"EPF","Elkhorn"
"508",2,2015,"Rumex acetosella",30,"EPF","Elkhorn"
"509",3,2015,"Rumex acetosella",4,"EPF","Elkhorn"
"510",2,2015,"Sonchus oleraceus",1,"EAF","Elkhorn"
"511",2,2015,"Thatch",10,"Thatch","Elkhorn"
"512",1,2015,"Festuca myuros",29,"EAG","Elkhorn"
"513",2,2015,"Festuca myuros",4,"EAG","Elkhorn"
"514",3,2015,"Festuca myuros",9,"EAG","Elkhorn"
"515",1,2016,"Lysimachia arvensis",4,"EAF","Elkhorn"
"516",2,2016,"Lysimachia arvensis",1,"EAF","Elkhorn"
"517",3,2016,"Lysimachia arvensis",7,"EAF","Elkhorn"
"518",1,2016,"Avena barbata",21,"EAG","Elkhorn"
"519",2,2016,"Avena barbata",7,"EAG","Elkhorn"
"520",1,2016,"Brachypodium distachyon",1,"EAG","Elkhorn"
"521",2,2016,"Brachypodium distachyon",30,"EAG","Elkhorn"
"522",3,2016,"Brachypodium distachyon",31,"EAG","Elkhorn"
"523",1,2016,"Bromus diandrus",21,"EAG","Elkhorn"
"524",2,2016,"Bromus diandrus",30,"EAG","Elkhorn"
"525",3,2016,"Bromus diandrus",9,"EAG","Elkhorn"
"526",1,2016,"Carduus pycnocephalus",2,"EAF","Elkhorn"
"527",2,2016,"Carduus pycnocephalus",3,"EAF","Elkhorn"
"528",3,2016,"Carduus pycnocephalus",1,"EAF","Elkhorn"
"529",2,2016,"Cerastium glomeratum",1,"EAF","Elkhorn"
"530",3,2016,"Cynosurus echinatus",1,"EAG","Elkhorn"
"531",1,2016,"Erodium botrys",34,"EAF","Elkhorn"
"532",2,2016,"Erodium botrys",22,"EAF","Elkhorn"
"533",3,2016,"Erodium botrys",14,"EAF","Elkhorn"
"534",1,2016,"Geranium dissectum",10,"EAF","Elkhorn"
"535",2,2016,"Geranium dissectum",18,"EAF","Elkhorn"
"536",3,2016,"Geranium dissectum",1,"EAF","Elkhorn"
"537",1,2016,"Hypochaeris glabra",11,"EAF","Elkhorn"
"538",2,2016,"Hypochaeris glabra",7,"EAF","Elkhorn"
"539",3,2016,"Hypochaeris glabra",4,"EAF","Elkhorn"
"540",2,2016,"Juncus phaeocephalus",1,"NPGr","Elkhorn"
"541",1,2016,"Festuca perennis",5,"EAG","Elkhorn"
"542",2,2016,"Festuca perennis",4,"EAG","Elkhorn"
"543",3,2016,"Festuca perennis",11,"EAG","Elkhorn"
"544",2,2016,"Plantago lanceolata",1,"EPF","Elkhorn"
"545",1,2016,"Rumex acetosella",1,"EPF","Elkhorn"
"546",2,2016,"Rumex acetosella",14,"EPF","Elkhorn"
"547",3,2016,"Rumex acetosella",3,"EPF","Elkhorn"
"548",1,2016,"Isolepis carinata",2,"NAGr","Elkhorn"
"549",1,2016,"Sonchus oleraceus",7,"EAF","Elkhorn"
"550",1,2016,"Thatch",12,"Thatch","Elkhorn"
"551",2,2016,"Thatch",5,"Thatch","Elkhorn"
"552",3,2016,"Thatch",22,"Thatch","Elkhorn"
"553",1,2016,"Festuca myuros",26,"EAG","Elkhorn"
"554",2,2016,"Festuca myuros",7,"EAG","Elkhorn"
"555",3,2016,"Festuca myuros",28,"EAG","Elkhorn"
"556",1,2017,"Lysimachia arvensis",2,"EAF","Elkhorn"
"557",2,2017,"Avena barbata",1,"EAG","Elkhorn"
"558",3,2017,"Avena barbata",2,"EAG","Elkhorn"
"559",2,2017,"Bare ground",2,"Bare","Elkhorn"
"560",1,2017,"Brachypodium distachyon",2,"EAG","Elkhorn"
"561",2,2017,"Brachypodium distachyon",34,"EAG","Elkhorn"
"562",3,2017,"Brachypodium distachyon",9,"EAG","Elkhorn"
"563",1,2017,"Brassica species",1,"EAF","Elkhorn"
"564",1,2017,"Bromus diandrus",27,"EAG","Elkhorn"
"565",2,2017,"Bromus diandrus",20,"EAG","Elkhorn"
"566",3,2017,"Bromus diandrus",6,"EAG","Elkhorn"
"567",1,2017,"Carduus pycnocephalus",12,"EAF","Elkhorn"
"568",2,2017,"Carduus pycnocephalus",2,"EAF","Elkhorn"
"569",3,2017,"Carduus pycnocephalus",6,"EAF","Elkhorn"
"570",1,2017,"Cynosurus echinatus",1,"EAG","Elkhorn"
"571",1,2017,"Erodium botrys",16,"EAF","Elkhorn"
"572",1,2017,"Geranium dissectum",5,"EAF","Elkhorn"
"573",2,2017,"Geranium dissectum",18,"EAF","Elkhorn"
"574",3,2017,"Geranium dissectum",1,"EAF","Elkhorn"
"575",2,2017,"Juncus phaeocephalus",1,"NPGr","Elkhorn"
"576",1,2017,"Festuca perennis",3,"EAG","Elkhorn"
"577",1,2017,"Rumex acetosella",19,"EPF","Elkhorn"
"578",2,2017,"Rumex acetosella",2,"EPF","Elkhorn"
"579",3,2017,"Rumex acetosella",1,"EPF","Elkhorn"
"580",1,2017,"Isolepis carinata",4,"NAGr","Elkhorn"
"581",1,2017,"Thatch",19,"Thatch","Elkhorn"
"582",2,2017,"Thatch",29,"Thatch","Elkhorn"
"583",3,2017,"Thatch",56,"Thatch","Elkhorn"
"584",1,2017,"Festuca myuros",25,"EAG","Elkhorn"
"585",2,2017,"Festuca myuros",9,"EAG","Elkhorn"
"586",3,2017,"Festuca myuros",21,"EAG","Elkhorn"
"587",2,2018,"Lysimachia arvensis",1,"EAF","Elkhorn"
"588",3,2018,"Lysimachia arvensis",1,"EAF","Elkhorn"
"589",1,2018,"Avena barbata",4,"EAG","Elkhorn"
"590",2,2018,"Avena barbata",4,"EAG","Elkhorn"
"591",3,2018,"Avena barbata",11,"EAG","Elkhorn"
"592",2,2018,"Brachypodium distachyon",14,"EAG","Elkhorn"
"593",3,2018,"Brachypodium distachyon",2,"EAG","Elkhorn"
"594",3,2018,"Briza minor",1,"EAG","Elkhorn"
"595",1,2018,"Bromus diandrus",16,"EAG","Elkhorn"
"596",2,2018,"Bromus diandrus",32,"EAG","Elkhorn"
"597",3,2018,"Bromus diandrus",3,"EAG","Elkhorn"
"598",1,2018,"Carduus pycnocephalus",8,"EAF","Elkhorn"
"599",2,2018,"Carduus pycnocephalus",2,"EAF","Elkhorn"
"600",3,2018,"Carduus pycnocephalus",21,"EAF","Elkhorn"
"601",1,2018,"Erodium botrys",51,"EAF","Elkhorn"
"602",2,2018,"Erodium botrys",10,"EAF","Elkhorn"
"603",3,2018,"Erodium botrys",42,"EAF","Elkhorn"
"604",1,2018,"Geranium dissectum",2,"EAF","Elkhorn"
"605",2,2018,"Geranium dissectum",2,"EAF","Elkhorn"
"606",3,2018,"Geranium dissectum",6,"EAF","Elkhorn"
"607",1,2018,"Hypochaeris glabra",1,"EAF","Elkhorn"
"608",1,2018,"Hypochaeris radicata",11,"EPF","Elkhorn"
"609",1,2018,"Festuca perennis",3,"EAG","Elkhorn"
"610",3,2018,"Festuca perennis",2,"EAG","Elkhorn"
"611",3,2018,"Stipa pulchra",1,"NPG","Elkhorn"
"612",1,2018,"Plantago lanceolata",1,"EPF","Elkhorn"
"613",1,2018,"Rumex acetosella",13,"EPF","Elkhorn"
"614",2,2018,"Rumex acetosella",14,"EPF","Elkhorn"
"615",1,2018,"Sonchus asper",14,"EAF","Elkhorn"
"616",2,2018,"Thatch",13,"Thatch","Elkhorn"
"617",3,2018,"Thatch",1,"Thatch","Elkhorn"
"618",1,2018,"Festuca myuros",22,"EAG","Elkhorn"
"619",2,2018,"Festuca myuros",34,"EAG","Elkhorn"
"620",3,2018,"Festuca myuros",43,"EAG","Elkhorn"
